"","X","participant","text","tier_name","word","duration","vot","relative_vot","language","vot_ms","vowel","sp_eng_p","fr_sp_p","fr_eng_p","relative_vot_z"
"1",1,314864,"t","MAU","tiro",0.441912772675086,0.0253136624569461,0.0572820339717989,"spanish",25.3136624569461,"i",0.00256279166094876,0.15505012777032,0.0195251427762702,-0.618242701530834
"2",2,314864,"t","MAU","tema",0.399655747893015,0.0196557478930148,0.0491816969895715,"spanish",19.6557478930148,"e",0.00256279166094876,0.15505012777032,0.0195251427762702,-0.752602402592605
"3",3,314864,"t","MAU","talla",0.40101429391504,0.0115362438843974,0.0287676625483119,"spanish",11.5362438843974,"a",0.00256279166094876,0.15505012777032,0.0195251427762702,-1.09120850885834
"4",4,314864,"k","MAU","quiso",0.550628763633754,0.0270715556831229,0.0491648048032763,"spanish",27.0715556831229,"i",0.00256279166094876,0.15505012777032,0.0195251427762702,-0.752882592059523
"5",5,314864,"p","MAU","piso",0.478836160878301,0.0114849024110217,0.0239850356956243,"spanish",11.4849024110217,"i",0.00256279166094876,0.15505012777032,0.0195251427762702,-1.170537593022
"6",6,314864,"p","MAU","pena",0.459444001148106,0.0171101607347877,0.0372410145567927,"spanish",17.1101607347877,"e",0.00256279166094876,0.15505012777032,0.0195251427762702,-0.950661634654398
"7",7,314864,"p","MAU","pato",0.478090467135476,0.00914104477611943,0.0191199059686106,"spanish",9.14104477611943,"a",0.00256279166094876,0.15505012777032,0.0195251427762702,-1.25123514636854
"8",8,314864,"k","MAU","cama",0.416121972385283,0.0312452402346762,0.0750867349195071,"spanish",31.2452402346762,"a",0.00256279166094876,0.15505012777032,0.0195251427762702,-0.322917420363272
"9",9,314864,"t","MAU","tir",0.420487444446577,0.0263683983926521,0.0627091218558423,"french",26.3683983926521,"i",0.00256279166094876,0.15505012777032,0.0195251427762702,-0.52822398905802
"10",10,314864,"t","MAU","terre",0.466601260337794,0.0149713906429392,0.0320860484433769,"french",14.9713906429392,"e",0.00256279166094876,0.15505012777032,0.0195251427762702,-1.03616668308655
"11",11,314864,"t","MAU","tasse",0.55613171641791,0.0150006888633755,0.0269732662614463,"french",15.0006888633755,"a",0.00256279166094876,0.15505012777032,0.0195251427762702,-1.12097202971168
"12",12,314864,"k","MAU","quitte",0.470864067881745,0.0570436351894373,0.121146715327115,"french",57.0436351894373,"i",0.00256279166094876,0.15505012777032,0.0195251427762702,0.441076128553938
"13",13,314864,"k","MAU","quelle",0.646646501865672,0.0766465018656716,0.118529214407771,"french",76.6465018656716,"e",0.00256279166094876,0.15505012777032,0.0195251427762702,0.397659830957481
"14",14,314864,"p","MAU","pile",0.721309113088404,0.0643388920780712,0.0891973925056812,"french",64.3388920780712,"i",0.00256279166094876,0.15505012777032,0.0195251427762702,-0.0888649680735601
"15",15,314864,"p","MAU","pere",0.498470828624964,0.0153815657290471,0.0308575042826023,"french",15.3815657290471,"e",0.00256279166094876,0.15505012777032,0.0195251427762702,-1.05654445583169
"16",16,314864,"p","MAU","patte",0.503855623698873,0.0234218606486797,0.0464852619421742,"french",23.4218606486797,"a",0.00256279166094876,0.15505012777032,0.0195251427762702,-0.797327974836781
"17",17,314864,"t","MAU","tipping",0.578086768082664,0.0580867680826637,0.100481054557467,"english",58.0867680826637,"i",0.00256279166094876,0.15505012777032,0.0195251427762702,0.0982963146590391
"18",18,314864,"t","MAU","teller",0.551143089839265,0.0811430898392652,0.147226902296697,"english",81.1430898392652,"e",0.00256279166094876,0.15505012777032,0.0195251427762702,0.873666295179893
"19",19,314864,"t","MAU","tacky",0.674238475889782,0.0853164179104478,0.126537450711126,"english",85.3164179104478,"a",0.00256279166094876,0.15505012777032,0.0195251427762702,0.530491864749602
"20",20,314864,"p","MAU","penny",0.511013019484967,0.0457052238805969,0.0894404293782216,"english",45.7052238805969,"e",0.00256279166094876,0.15505012777032,0.0195251427762702,-0.0848337331245499
"21",21,314864,"p","MAU","pass",0.628172146719468,0.0222373493111366,0.0354000880606817,"english",22.2373493111366,"a",0.00256279166094876,0.15505012777032,0.0195251427762702,-0.981196948708228
"22",22,314864,"p","MAU","parrot",0.579850692451206,0.0763804606773825,0.131724358825026,"english",76.3804606773825,"a",0.00256279166094876,0.15505012777032,0.0195251427762702,0.616526732823307
"23",23,314864,"k","MAU","kitten",0.504290793628014,0.107785167910448,0.213736140481586,"english",107.785167910448,"i",0.00256279166094876,0.15505012777032,0.0195251427762702,1.97685019727857
"24",24,314864,"k","MAU","kennel",0.445499906716418,0.111216044776119,0.24964325042365,"english",111.216044776119,"e",0.00256279166094876,0.15505012777032,0.0195251427762702,2.57243882135594
"25",25,314864,"k","MAU","cabbage",0.812823543340987,0.0895939580941448,0.110225594261065,"english",89.5939580941448,"a",0.00256279166094876,0.15505012777032,0.0195251427762702,0.259928286814347
"26",77,314854,"t","MAU","tipping",0.557389191939597,0.099050949805828,0.177705185601377,"english",99.050949805828,"i",0.00214241515843059,0.845632297976399,0.0370284292286716,1.37920736620911
"27",78,314854,"t","MAU","teller",0.502267684615295,0.0442004791893722,0.0880018375524736,"english",44.2004791893722,"e",0.00214241515843059,0.845632297976399,0.0370284292286716,-0.108695551229339
"28",79,314854,"t","MAU","tacky",0.513485799368542,0.0495725889781861,0.0965413046264334,"english",49.5725889781861,"a",0.00214241515843059,0.845632297976399,0.0370284292286716,0.0329479687626623
"29",80,314854,"p","MAU","penny",0.580434910170422,0.0670306093845803,0.115483421500094,"english",67.0306093845803,"e",0.00214241515843059,0.845632297976399,0.0370284292286716,0.347139485264528
"30",81,314854,"p","MAU","pass",0.558895884212651,0.0678481881458095,0.121396829109578,"english",67.8481881458095,"a",0.00214241515843059,0.845632297976399,0.0370284292286716,0.445224747693721
"31",82,314854,"p","MAU","parrot",0.41029103528021,0.0647100662348512,0.157717475329816,"english",64.7100662348512,"a",0.00214241515843059,0.845632297976399,0.0370284292286716,1.04767266797514
"32",83,314854,"k","MAU","kitten",0.44896620683374,0.104245439595409,0.232189946612203,"english",104.245439595409,"i",0.00214241515843059,0.845632297976399,0.0370284292286716,2.28294213895971
"33",84,314854,"k","MAU","kennel",0.605027950667695,0.124020793049247,0.20498357623376,"english",124.020793049247,"e",0.00214241515843059,0.845632297976399,0.0370284292286716,1.83167204994445
"34",85,314854,"k","MAU","cabbage",0.637457085964409,0.0696125717566016,0.109203542151053,"english",69.6125717566016,"a",0.00214241515843059,0.845632297976399,0.0370284292286716,0.242975582714251
"35",86,314854,"t","MAU","tiro",0.41869554032721,0.0321694460390356,0.0768325500049397,"spanish",32.1694460390356,"i",0.00214241515843059,0.845632297976399,0.0370284292286716,-0.293959712368838
"36",87,314854,"t","MAU","tema",0.46932591130884,0.0250206802525832,0.0533119515664634,"spanish",25.0206802525832,"e",0.00214241515843059,0.845632297976399,0.0370284292286716,-0.684094169974903
"37",88,314854,"t","MAU","talla",0.426775304455906,0.0225010332950633,0.0527233723697995,"spanish",22.5010332950633,"a",0.00214241515843059,0.845632297976399,0.0370284292286716,-0.693856890351654
"38",89,314854,"k","MAU","quiso",0.518340685993111,0.0483406859931113,0.0932604507024048,"spanish",48.3406859931113,"i",0.00214241515843059,0.845632297976399,0.0370284292286716,-0.0214713169321173
"39",90,314854,"k","MAU","queja",0.433867824339839,0.0496897818599311,0.114527464523413,"spanish",49.6897818599311,"e",0.00214241515843059,0.845632297976399,0.0370284292286716,0.331283096339402
"40",91,314854,"p","MAU","piso",0.488318398392652,0.0173445464982779,0.0355189289516208,"spanish",17.3445464982779,"i",0.00214241515843059,0.845632297976399,0.0370284292286716,-0.979225743483615
"41",92,314854,"p","MAU","pato",0.447303645235361,0.0128912169919632,0.0288198344218279,"spanish",12.8912169919632,"a",0.00214241515843059,0.845632297976399,0.0370284292286716,-1.09034313778244
"42",93,314854,"k","MAU","cama",0.463017716704937,0.0428925947187142,0.0926370485863027,"spanish",42.8925947187142,"a",0.00214241515843059,0.845632297976399,0.0370284292286716,-0.0318116425438206
"43",94,314854,"t","MAU","tir",0.407387804965557,0.0250499784730196,0.0614892693588054,"french",25.0499784730196,"i",0.00214241515843059,0.845632297976399,0.0370284292286716,-0.54845759380816
"44",95,314854,"t","MAU","terre",0.484187119690011,0.019183120203543,0.0396192286482641,"french",19.183120203543,"e",0.00214241515843059,0.845632297976399,0.0370284292286716,-0.911214370288475
"45",96,314854,"t","MAU","tasse",0.658554161882893,0.0140631458094145,0.0213545773808582,"french",14.0631458094145,"a",0.00214241515843059,0.845632297976399,0.0370284292286716,-1.21416881399501
"46",97,314854,"k","MAU","quitte",0.471652303386912,0.0975630740528129,0.206853805975752,"french",97.563074052813,"i",0.00214241515843059,0.845632297976399,0.0370284292286716,1.86269341480892
"47",98,314854,"k","MAU","quelle",0.492110390355913,0.081566245694604,0.165747863270296,"french",81.566245694604,"e",0.00214241515843059,0.845632297976399,0.0370284292286716,1.18087212936301
"48",99,314854,"p","MAU","pile",0.626461292629779,0.0170276696854355,0.0271807211167926,"french",17.0276696854355,"i",0.00214241515843059,0.845632297976399,0.0370284292286716,-1.11753099109695
"49",100,314854,"p","MAU","pere",0.489695150186029,0.0140631458094145,0.0287181643601577,"french",14.0631458094145,"e",0.00214241515843059,0.845632297976399,0.0370284292286716,-1.09202953170937
"50",101,314854,"p","MAU","patte",0.598393369380561,0.0242589265212401,0.040540099143064,"french",24.2589265212401,"a",0.00214241515843059,0.845632297976399,0.0370284292286716,-0.895939958289396
"51",322,314834,"t","MAU","tipping",0.53464819173364,0.0496897818599311,0.0929392124170625,"english",49.6897818599311,"i",8.10754786387898e-06,0.0296099250004726,0.0043308985179278,-0.0267996730342011
"52",323,314834,"t","MAU","teller",0.551453100599706,0.103715700344432,0.18807710072106,"english",103.715700344432,"e",8.10754786387898e-06,0.0296099250004726,0.0043308985179278,1.55124556881429
"53",324,314834,"t","MAU","tacky",0.621784375,0.0883048363949483,0.142018423018347,"english",88.3048363949484,"a",8.10754786387898e-06,0.0296099250004726,0.0043308985179278,0.78727362776853
"54",325,314834,"p","MAU","penny",0.470904969144661,0.0833241389207806,0.176944700906699,"english",83.3241389207806,"e",8.10754786387898e-06,0.0296099250004726,0.0043308985179278,1.36659326182516
"55",326,314834,"p","MAU","pass",0.512234516589588,0.11631117967853,0.227066267327942,"english",116.31117967853,"a",8.10754786387898e-06,0.0296099250004726,0.0043308985179278,2.19795604288987
"56",327,314834,"p","MAU","parrot",0.532349429535017,0.103539911021814,0.194496143467743,"english",103.539911021814,"a",8.10754786387898e-06,0.0296099250004726,0.0043308985179278,1.65771776453149
"57",328,314834,"k","MAU","kitten",0.448755514494834,0.0820057190011482,0.182740303689555,"english",82.0057190011482,"i",8.10754786387898e-06,0.0296099250004726,0.0043308985179278,1.4627245041532
"58",329,314834,"k","MAU","kennel",0.48374689652698,0.113746896526981,0.235137211925527,"english",113.746896526981,"e",8.10754786387898e-06,0.0296099250004726,0.0043308985179278,2.33182821460283
"59",330,314834,"k","MAU","cabbage",0.664052548076923,0.103532042910448,0.155909412907568,"english",103.532042910448,"a",8.10754786387898e-06,0.0296099250004726,0.0043308985179278,1.01768246792701
"60",331,314834,"t","MAU","tir",0.312069948335247,0.0426582089552239,0.136694382726649,"french",42.6582089552239,"i",8.10754786387898e-06,0.0296099250004726,0.0043308985179278,0.698964158223886
"61",332,314834,"t","MAU","terre",0.464898041437823,0.0244640140642939,0.0526223212053815,"french",24.4640140642939,"e",8.10754786387898e-06,0.0296099250004726,0.0043308985179278,-0.695533018674826
"62",333,314834,"t","MAU","tasse",0.760054861509759,0.057834687141217,0.0760927797058429,"french",57.834687141217,"a",8.10754786387898e-06,0.0296099250004726,0.0043308985179278,-0.306230228578114
"63",334,314834,"k","MAU","quitte",0.548276517652124,0.082826069173364,0.151066234840859,"french",82.826069173364,"i",8.10754786387898e-06,0.0296099250004726,0.0043308985179278,0.937349025175218
"64",335,314834,"k","MAU","quelle",0.528984787600459,0.0889847876004592,0.168218046503956,"french",88.9847876004592,"e",8.10754786387898e-06,0.0296099250004726,0.0043308985179278,1.22184487920916
"65",336,314834,"p","MAU","pile",0.506865090413318,0.0428925947187141,0.0846232962773936,"french",42.8925947187141,"i",8.10754786387898e-06,0.0296099250004726,0.0043308985179278,-0.164735169919349
"66",337,314834,"p","MAU","pere",0.53,0.0599999999999999,0.113207547169811,"french",59.9999999999999,"e",8.10754786387898e-06,0.0296099250004726,0.0043308985179278,0.309389723082794
"67",338,314834,"p","MAU","patte",0.508495442423525,0.0196775918234902,0.03869767589205,"french",19.6775918234902,"a",8.10754786387898e-06,0.0296099250004726,0.0043308985179278,-0.926500098908068
"68",339,314834,"t","MAU","tiro",0.327631497560275,0.0161726176808266,0.0493622188381056,"spanish",16.1726176808266,"i",8.10754786387898e-06,0.0296099250004726,0.0043308985179278,-0.749608099805279
"69",340,314834,"t","MAU","tema",0.354742809704219,0.0103597946347944,0.0292036775697647,"spanish",10.3597946347944,"e",8.10754786387898e-06,0.0296099250004726,0.0043308985179278,-1.08397635937254
"70",341,314834,"t","MAU","talla",0.391239832089552,0.0112505166475316,0.0287560614353716,"spanish",11.2505166475316,"a",8.10754786387898e-06,0.0296099250004726,0.0043308985179278,-1.0914009356759
"71",342,314834,"k","MAU","quiso",0.456845328645235,0.047170134902411,0.103251870917216,"spanish",47.170134902411,"i",8.10754786387898e-06,0.0296099250004726,0.0043308985179278,0.144255644327639
"72",343,314834,"k","MAU","queja",0.474115371732025,0.0307045350172215,0.0647617370115053,"spanish",30.7045350172215,"e",8.10754786387898e-06,0.0296099250004726,0.0043308985179278,-0.494177410586675
"73",344,314834,"p","MAU","piso",0.413538019075894,0.00902792771630501,0.0218309497551861,"spanish",9.02792771630501,"i",8.10754786387898e-06,0.0296099250004726,0.0043308985179278,-1.20626726002889
"74",345,314834,"p","MAU","pena",0.284511466704937,0.00691438002296207,0.0243026409551812,"spanish",6.91438002296207,"e",8.10754786387898e-06,0.0296099250004726,0.0043308985179278,-1.16526949765469
"75",346,314834,"k","MAU","cama",0.320544144661309,0.0318764638346727,0.0994448482855732,"spanish",31.8764638346727,"a",8.10754786387898e-06,0.0296099250004726,0.0043308985179278,0.0811088365040624
"76",618,314817,"t","MAU","tiro",0.444196932405281,0.0124810419058553,0.0280979921186572,"spanish",12.4810419058553,"i",0.00119715040247943,0.0741015446312265,0.00907904849954986,-1.1023162836257
"77",619,314817,"t","MAU","tema",0.413525093283582,0.0103715700344432,0.0250808722442648,"spanish",10.3715700344432,"e",0.00119715040247943,0.0741015446312265,0.00907904849954986,-1.15236103179856
"78",620,314817,"t","MAU","talla",0.433583000861079,0.00735039943596516,0.0169526928439712,"spanish",7.35039943596516,"a",0.00119715040247943,0.0741015446312265,0.00907904849954986,-1.28718255302614
"79",621,314817,"k","MAU","quiso",0.544770038030999,0.028858747129736,0.0529741819760173,"spanish",28.858747129736,"i",0.00119715040247943,0.0741015446312265,0.00907904849954986,-0.6896967296338
"80",622,314817,"k","MAU","queja",0.509769609459852,0.0186629664179104,0.0366105904933908,"spanish",18.6629664179104,"e",0.00119715040247943,0.0741015446312265,0.00907904849954986,-0.961118432795842
"81",623,314817,"p","MAU","piso",0.546903006601607,0.013184199196326,0.0241070153888,"spanish",13.184199196326,"i",0.00119715040247943,0.0741015446312265,0.00907904849954986,-1.16851432471271
"82",624,314817,"p","MAU","pena",0.362724045637199,0.0108989380022961,0.0300474648245333,"spanish",10.8989380022961,"e",0.00119715040247943,0.0741015446312265,0.00907904849954986,-1.06998052147602
"83",625,314817,"p","MAU","pato",0.660819431687715,0.0105473593570609,0.0159610308827075,"spanish",10.5473593570609,"a",0.00119715040247943,0.0741015446312265,0.00907904849954986,-1.30363117793669
"84",626,314817,"k","MAU","cama",0.442426180396097,0.0166999856486797,0.0377463775623054,"spanish",16.6999856486797,"a",0.00119715040247943,0.0741015446312265,0.00907904849954986,-0.942279215194894
"85",627,314817,"t","MAU","tipping",0.549413117106774,0.0267199770378875,0.0486336714685586,"english",26.7199770378875,"i",0.00119715040247943,0.0741015446312265,0.00907904849954986,-0.761692462097422
"86",628,314817,"t","MAU","teller",0.490959381360672,0.0491774943605672,0.100166116032398,"english",49.1774943605672,"e",0.00119715040247943,0.0741015446312265,0.00907904849954986,0.0930724522229518
"87",629,314817,"t","MAU","tacky",0.615591306687715,0.0487815370264064,0.0792433819263678,"english",48.7815370264064,"a",0.00119715040247943,0.0741015446312265,0.00907904849954986,-0.253971418426999
"88",630,314817,"p","MAU","penny",0.559920952927669,0.0360954075774972,0.0644651845742947,"english",36.0954075774972,"e",0.00119715040247943,0.0741015446312265,0.00907904849954986,-0.499096304319143
"89",631,314817,"p","MAU","pass",0.598774251323192,0.0403436495407579,0.0673770614745124,"english",40.3436495407579,"a",0.00119715040247943,0.0741015446312265,0.00907904849954986,-0.450797213713366
"90",632,314817,"p","MAU","parrot",0.615106953214696,0.0428632964982778,0.0696842984366605,"english",42.8632964982778,"a",0.00119715040247943,0.0741015446312265,0.00907904849954986,-0.412527241835277
"91",633,314817,"k","MAU","kitten",0.631544876578645,0.105825172215844,0.167565562069231,"english",105.825172215844,"i",0.00119715040247943,0.0741015446312265,0.00907904849954986,1.21102216729119
"92",634,314817,"k","MAU","kennel",0.643038167336395,0.0963911452353616,0.149899570712318,"english",96.3911452353616,"e",0.00119715040247943,0.0741015446312265,0.00907904849954986,0.917997652029362
"93",635,314817,"k","MAU","cabbage",0.686968782290471,0.0683234500574054,0.0994564117303895,"english",68.3234500574054,"a",0.00119715040247943,0.0741015446312265,0.00907904849954986,0.0813006385231845
"94",636,314817,"t","MAU","tir",0.38066828716992,0.0150885835246842,0.0396370909614257,"french",15.0885835246842,"i",0.00119715040247943,0.0741015446312265,0.00907904849954986,-0.910918089397701
"95",637,314817,"t","MAU","terre",0.388612312975243,0.0162114727217609,0.0417163125832137,"french",16.2114727217609,"e",0.00119715040247943,0.0741015446312265,0.00907904849954986,-0.876430191405612
"96",638,314817,"t","MAU","tasse",0.593014694916048,0.0397583982742571,0.0670445414171155,"french",39.7583982742571,"a",0.00119715040247943,0.0741015446312265,0.00907904849954986,-0.456312699748936
"97",639,314817,"k","MAU","quitte",0.408139333381171,0.0290052382319174,0.0710670005550009,"french",29.0052382319174,"i",0.00119715040247943,0.0741015446312265,0.00907904849954986,-0.389592462247057
"98",640,314817,"k","MAU","quelle",0.496264706515499,0.0362647065154994,0.0730753286288087,"french",36.2647065154994,"e",0.00119715040247943,0.0741015446312265,0.00907904849954986,-0.356280470385135
"99",641,314817,"p","MAU","pile",0.486112184270953,0.0148099989905881,0.0304662163792488,"french",14.8099989905881,"i",0.00119715040247943,0.0741015446312265,0.00907904849954986,-1.06303471985885
"100",642,314817,"p","MAU","pere",0.384179889118105,0.0120972920911577,0.0314886136255789,"french",12.0972920911577,"e",0.00119715040247943,0.0741015446312265,0.00907904849954986,-1.04607629100772
"101",643,314817,"p","MAU","patte",0.625825777973235,0.010664552238806,0.0170407685559768,"french",10.664552238806,"a",0.00119715040247943,0.0741015446312265,0.00907904849954986,-1.28572164758951
"102",793,314806,"t","MAU","tipping",0.651023540470724,0.0776402841561424,0.119258796847814,"english",77.6402841561424,"i",0.0111423069559796,0.477534207222169,0.00535756715210871,0.409761361888746
"103",794,314806,"t","MAU","teller",0.52433659586682,0.0543365958668197,0.103629226521929,"english",54.3365958668197,"e",0.0111423069559796,0.477534207222169,0.00535756715210871,0.150514814329389
"104",795,314806,"t","MAU","tacky",0.614659335533869,0.0758823909299655,0.123454386101623,"english",75.8823909299655,"a",0.0111423069559796,0.477534207222169,0.00535756715210871,0.479353296046126
"105",796,314806,"p","MAU","penny",0.512304334098737,0.0246105051664753,0.0480388384958151,"english",24.6105051664753,"e",0.0111423069559796,0.477534207222169,0.00535756715210871,-0.771558913403689
"106",797,314806,"p","MAU","pass",0.570269742257622,0.0204500083469337,0.0358602374132192,"english",20.4500083469337,"a",0.0111423069559796,0.477534207222169,0.00535756715210871,-0.973564484826003
"107",798,314806,"p","MAU","parrot",0.596143310018836,0.0635260117680826,0.106561644994515,"english",63.5260117680826,"a",0.0111423069559796,0.477534207222169,0.00535756715210871,0.199154626503762
"108",799,314806,"k","MAU","kitten",0.472511028989667,0.0949262342135476,0.200897393689457,"english",94.9262342135476,"i",0.0111423069559796,0.477534207222169,0.00535756715210871,1.76389483692961
"109",800,314806,"k","MAU","kennel",0.482489240815155,0.0819838906429391,0.169918588245469,"english",81.9838906429391,"e",0.0111423069559796,0.477534207222169,0.00535756715210871,1.25005164153696
"110",801,314806,"k","MAU","cabbage",0.475039753157291,0.0550397531572905,0.115863467828694,"english",55.0397531572905,"a",0.0111423069559796,0.477534207222169,0.00535756715210871,0.353443286107919
"111",802,314806,"t","MAU","tir",0.406857663605052,0.0201571756601608,0.0495435565390455,"french",20.1571756601608,"i",0.0111423069559796,0.477534207222169,0.00535756715210871,-0.746600264533368
"112",803,314806,"t","MAU","terre",0.406291911920386,0.0205087543053961,0.0504778798289611,"french",20.5087543053961,"e",0.0111423069559796,0.477534207222169,0.00535756715210871,-0.731102711999005
"113",804,314806,"t","MAU","tasse",0.56354508467279,0.0205673507462686,0.0364963714628273,"french",20.5673507462686,"a",0.0111423069559796,0.477534207222169,0.00535756715210871,-0.963012975558168
"114",805,314806,"k","MAU","quitte",0.450776632462687,0.0463497847301952,0.102822066168285,"french",46.3497847301952,"i",0.0111423069559796,0.477534207222169,0.00535756715210871,0.137126504181
"115",806,314806,"k","MAU","quelle",0.520005112657865,0.0339859357060849,0.0653569260740054,"french",33.9859357060849,"e",0.0111423069559796,0.477534207222169,0.00535756715210871,-0.484305052845484
"116",807,314806,"p","MAU","pile",0.657977733926521,0.0086136768082663,0.0130911372287078,"french",8.6136768082663,"i",0.0111423069559796,0.477534207222169,0.00535756715210871,-1.35123389548739
"117",808,314806,"p","MAU","pere",0.521648859070034,0.0155280568312285,0.0297672592611647,"french",15.5280568312285,"e",0.0111423069559796,0.477534207222169,0.00535756715210871,-1.07462827079961
"118",809,314806,"p","MAU","patte",0.582127824592961,0.0167585820895523,0.0287884917737274,"french",16.7585820895523,"a",0.0111423069559796,0.477534207222169,0.00535756715210871,-1.09086301600955
"119",810,314806,"t","MAU","tiro",0.410488303673938,0.0232041905855339,0.0565282625055393,"spanish",23.2041905855339,"i",0.0111423069559796,0.477534207222169,0.00535756715210871,-0.630745454082702
"120",811,314806,"t","MAU","tema",0.508964796211252,0.0141803386911595,0.0278611385241541,"spanish",14.1803386911595,"e",0.0111423069559796,0.477534207222169,0.00535756715210871,-1.1062449569911
"121",812,314806,"t","MAU","talla",0.470064718580117,0.0176961251435132,0.0376461462518742,"spanish",17.6961251435132,"a",0.0111423069559796,0.477534207222169,0.00535756715210871,-0.943941744659546
"122",813,314806,"k","MAU","quiso",0.449501930252583,0.0370915470723308,0.0825169917546034,"spanish",37.0915470723308,"i",0.0111423069559796,0.477534207222169,0.00535756715210871,-0.199672290022879
"123",814,314806,"k","MAU","queja",0.509862815729047,0.0355094431687716,0.0696450929020918,"spanish",35.5094431687716,"e",0.0111423069559796,0.477534207222169,0.00535756715210871,-0.413177541189017
"124",815,314806,"p","MAU","piso",0.435911750143513,0.0149713906429392,0.03434500363436,"spanish",14.9713906429392,"i",0.0111423069559796,0.477534207222169,0.00535756715210871,-0.998697557439266
"125",816,314806,"p","MAU","pena",0.506869743828932,0.0368697438289324,0.0727400762776163,"spanish",36.8697438289324,"e",0.0111423069559796,0.477534207222169,0.00535756715210871,-0.3618412767794
"126",817,314806,"p","MAU","pato",0.50015022428013,0.0170531607201599,0.0340960773229777,"spanish",17.0531607201599,"a",0.0111423069559796,0.477534207222169,0.00535756715210871,-1.0028264800825
"127",818,314806,"k","MAU","cama",0.439751194747417,0.0397511947474166,0.0903947396214553,"spanish",39.7511947474166,"a",0.0111423069559796,0.477534207222169,0.00535756715210871,-0.0690046584474851
"128",819,314805,"t","MAU","tiro",0.436527931257176,0.0229991030424799,0.0526864408796105,"spanish",22.9991030424799,"i",0.00859107632141193,0.503023632802578,0.0357792421600493,-0.694469470296469
"129",820,314805,"t","MAU","tema",0.42566294489093,0.0201571756601607,0.0473547812937434,"spanish",20.1571756601607,"e",0.00859107632141193,0.503023632802578,0.0357792421600493,-0.78290532051998
"130",821,314805,"t","MAU","talla",0.397020888346728,0.017020888346728,0.0428715184674697,"spanish",17.020888346728,"a",0.00859107632141193,0.503023632802578,0.0357792421600493,-0.857268875325308
"131",822,314805,"k","MAU","quiso",0.570284996555683,0.0576179965556831,0.101033688250042,"spanish",57.6179965556831,"i",0.00859107632141193,0.503023632802578,0.0357792421600493,0.107462809570788
"132",823,314805,"k","MAU","queja",0.381464911021814,0.0450020665901264,0.117971706675671,"spanish",45.0020665901264,"e",0.00859107632141193,0.503023632802578,0.0357792421600493,0.388412490706214
"133",824,314805,"p","MAU","piso",0.431033366819747,0.017578932261768,0.0407832284341905,"spanish",17.578932261768,"i",0.00859107632141193,0.503023632802578,0.0357792421600493,-0.891907190400012
"134",825,314805,"p","MAU","pena",0.359881888633754,0.0107817451205511,0.0299591212035777,"spanish",10.7817451205511,"e",0.00859107632141193,0.503023632802578,0.0357792421600493,-1.07144587069894
"135",826,314805,"p","MAU","pato",0.468095615671642,0.0103715700344432,0.0221569476132813,"spanish",10.3715700344432,"a",0.00859107632141193,0.503023632802578,0.0357792421600493,-1.20085995723932
"136",827,314805,"k","MAU","cama",0.458012070470513,0.0287648568819531,0.0628037091957055,"spanish",28.7648568819531,"a",0.00859107632141193,0.503023632802578,0.0357792421600493,-0.526655075723163
"137",828,314805,"t","MAU","tipping",0.636391665470723,0.063284156142365,0.099442151077757,"english",63.284156142365,"i",0.00859107632141193,0.503023632802578,0.0357792421600493,0.0810640981139582
"138",829,314805,"t","MAU","teller",0.442168892849753,0.0645527879065946,0.145991246671731,"english",64.5527879065946,"e",0.00859107632141193,0.503023632802578,0.0357792421600493,0.853170565094837
"139",830,314805,"t","MAU","tacky",0.563359529276693,0.0833595292766934,0.147968614969059,"english",83.3595292766934,"a",0.00859107632141193,0.503023632802578,0.0357792421600493,0.885969029393413
"140",831,314805,"p","MAU","penny",0.420514298776497,0.0508170183696757,0.120844923745827,"english",50.8170183696757,"e",0.00859107632141193,0.503023632802578,0.0357792421600493,0.436070333519265
"141",832,314805,"p","MAU","pass",0.575169507241303,0.0367657350846539,0.0639215650721716,"english",36.7657350846539,"a",0.00859107632141193,0.503023632802578,0.0357792421600493,-0.508113281508717
"142",833,314805,"p","MAU","parrot",0.540960045587141,0.0416680733495077,0.0770261569027385,"english",41.6680733495077,"a",0.00859107632141193,0.503023632802578,0.0357792421600493,-0.290748368819944
"143",834,314805,"k","MAU","kitten",0.503106529850746,0.101723421354765,0.202190620314434,"english",101.723421354765,"i",0.00859107632141193,0.503023632802578,0.0357792421600493,1.78534549300951
"144",835,314805,"k","MAU","kennel",0.327935562571757,0.0960981630309989,0.293039773659715,"english",96.0981630309989,"e",0.00859107632141193,0.503023632802578,0.0357792421600493,3.29225379966004
"145",836,314805,"k","MAU","cabbage",0.657109701492537,0.0717220436280138,0.10914774727128,"english",71.7220436280138,"a",0.00859107632141193,0.503023632802578,0.0357792421600493,0.242050117096768
"146",837,314805,"t","MAU","terre",0.368712693942128,0.0311147101033296,0.0843874122441068,"french",31.1147101033296,"e",0.00859107632141193,0.503023632802578,0.0357792421600493,-0.168647761243289
"147",838,314805,"t","MAU","tasse",0.577396652554535,0.0235850674512055,0.0408472535246953,"french",23.5850674512055,"a",0.00859107632141193,0.503023632802578,0.0357792421600493,-0.890845210875017
"148",839,314805,"k","MAU","quitte",0.434906035436639,0.0687026198224028,0.157971180495176,"french",68.7026198224028,"i",0.00859107632141193,0.503023632802578,0.0357792421600493,1.05188085712213
"149",840,314805,"k","MAU","quelle",0.548334550803674,0.0546704793340987,0.0997027804539587,"french",54.6704793340987,"e",0.00859107632141193,0.503023632802578,0.0357792421600493,0.0853871386431617
"150",841,314805,"p","MAU","pile",0.751448091274397,0.0400799655568314,0.0533369716714016,"french",40.0799655568314,"i",0.00859107632141193,0.503023632802578,0.0357792421600493,-0.68367916331192
"151",842,314805,"p","MAU","pere",0.608182821469575,0.0203915614236511,0.0335286704980883,"french",20.3915614236511,"e",0.00859107632141193,0.503023632802578,0.0357792421600493,-1.01223801586673
"152",843,314805,"p","MAU","patte",0.744060748926916,0.0238020917256867,0.0319894467757022,"french",23.8020917256867,"a",0.00859107632141193,0.503023632802578,0.0357792421600493,-1.03776900793048
"153",868,314803,"t","MAU","tipping",0.439688920286127,0.0606321608791836,0.137897859331382,"english",60.6321608791836,"i",0.00227936860608056,0.55053388925698,0.0220790105897569,0.718926137238035
"154",869,314803,"t","MAU","teller",0.444722585390356,0.0547225853903559,0.123048811074713,"english",54.7225853903559,"e",0.00227936860608056,0.55053388925698,0.0220790105897569,0.472626052538441
"155",870,314803,"t","MAU","tacky",0.542061100746269,0.0620611007462687,0.114490969119215,"english",62.0611007462687,"a",0.00227936860608056,0.55053388925698,0.0220790105897569,0.330677749721239
"156",871,314803,"p","MAU","penny",0.44,0.0399034873708382,0.0906897440246322,"english",39.9034873708381,"e",0.00227936860608056,0.55053388925698,0.0220790105897569,-0.0641114418430748
"157",872,314803,"p","MAU","pass",0.518118997222302,0.0859665748032716,0.165920522629258,"english",85.9665748032716,"a",0.00227936860608056,0.55053388925698,0.0220790105897569,1.18373601760698
"158",873,314803,"p","MAU","parrot",0.427392458381171,0.027392458381171,0.0640920489915173,"english",27.392458381171,"a",0.00227936860608056,0.55053388925698,0.0220790105897569,-0.505285477123617
"159",874,314803,"k","MAU","kitten",0.526738590700344,0.0924651836969,0.175542831547542,"english",92.4651836969,"i",0.00227936860608056,0.55053388925698,0.0220790105897569,1.34334055660595
"160",875,314803,"k","MAU","kennel",0.540109723019518,0.123872876004592,0.229347613503555,"english",123.872876004592,"e",0.00227936860608056,0.55053388925698,0.0220790105897569,2.23579656617258
"161",876,314803,"k","MAU","cabbage",0.752255901980482,0.130728659586682,0.173782165407423,"english",130.728659586682,"a",0.00227936860608056,0.55053388925698,0.0220790105897569,1.31413651524631
"162",877,314803,"t","MAU","tir",0.425306905883715,0.0195579100473493,0.0459854043674916,"french",19.5579100473493,"i",0.00227936860608056,0.55053388925698,0.0220790105897569,-0.805619076115058
"163",878,314803,"t","MAU","terre",0.568310239667049,0.0254894517795637,0.0448512977603518,"french",25.4894517795637,"e",0.00227936860608056,0.55053388925698,0.0220790105897569,-0.824430420018627
"164",879,314803,"t","MAU","tasse",0.481323532577497,0.0202157721010333,0.0420003817240712,"french",20.2157721010333,"a",0.00227936860608056,0.55053388925698,0.0220790105897569,-0.871718357202883
"165",880,314803,"k","MAU","quitte",0.49572588978186,0.0732647529248898,0.147792871897672,"french",73.2647529248898,"i",0.00227936860608056,0.55053388925698,0.0220790105897569,0.883053991835464
"166",881,314803,"k","MAU","quelle",0.609547025688863,0.0960395665901262,0.157558912672225,"french",96.0395665901262,"e",0.00227936860608056,0.55053388925698,0.0220790105897569,1.04504260069272
"167",882,314803,"p","MAU","pile",0.436738882370905,0.0171715391067455,0.0393176330294366,"french",17.1715391067455,"i",0.00227936860608056,0.55053388925698,0.0220790105897569,-0.916216914908052
"168",883,314803,"p","MAU","pere",0.518628178978099,0.0429089067455268,0.0827353940352301,"french",42.9089067455268,"e",0.00227936860608056,0.55053388925698,0.0220790105897569,-0.19604966726032
"169",884,314803,"p","MAU","patte",0.457038190436441,0.0391729642988199,0.0857104835405818,"french",39.1729642988199,"a",0.00227936860608056,0.55053388925698,0.0220790105897569,-0.14670207376537
"170",885,314803,"t","MAU","tiro",0.303783205367394,0.0150885835246842,0.0496689193414632,"spanish",15.0885835246842,"i",0.00227936860608056,0.55053388925698,0.0220790105897569,-0.744520880836854
"171",886,314803,"t","MAU","tema",0.458725297789897,0.0241710318599312,0.0526917350675565,"spanish",24.1710318599312,"e",0.00227936860608056,0.55053388925698,0.0220790105897569,-0.694381655985614
"172",887,314803,"t","MAU","talla",0.436288892078071,0.0304701492537314,0.0698393880912258,"spanish",30.4701492537314,"a",0.00227936860608056,0.55053388925698,0.0220790105897569,-0.409954781001747
"173",888,314803,"k","MAU","quiso",0.474673295780712,0.052502411021814,0.110607467259057,"spanish",52.502411021814,"i",0.00227936860608056,0.55053388925698,0.0220790105897569,0.266262386490242
"174",889,314803,"k","MAU","queja",0.384092214408726,0.0266613805970149,0.0694140094405654,"spanish",26.661380597015,"e",0.00227936860608056,0.55053388925698,0.0220790105897569,-0.417010505777913
"175",890,314803,"p","MAU","piso",0.35292862346734,0.0162698429507707,0.0460995279751695,"spanish",16.2698429507707,"i",0.00227936860608056,0.55053388925698,0.0220790105897569,-0.803726116125203
"176",891,314803,"p","MAU","pato",0.430145342996556,0.0383806687715271,0.0892272098173906,"spanish",38.3806687715271,"a",0.00227936860608056,0.55053388925698,0.0220790105897569,-0.0883703904903645
"177",892,314803,"k","MAU","cama",0.507939588117107,0.0336343570608496,0.0662172389152214,"spanish",33.6343570608496,"a",0.00227936860608056,0.55053388925698,0.0220790105897569,-0.470035106247089
"178",943,314799,"t","MAU","tir",0.463621077645307,0.0175789322617681,0.0379165941959542,"french",17.5789322617681,"i",0.00213274091285272,0.885897733028233,0.0026692544130566,-0.939455844258231
"179",944,314799,"t","MAU","terre",0.396121950344432,0.0158210390355913,0.0399398190931726,"french",15.8210390355913,"e",0.00213274091285272,0.885897733028233,0.0026692544130566,-0.905896759868603
"180",945,314799,"t","MAU","tasse",0.718509525688864,0.0162605123421355,0.0226308932042981,"french",16.2605123421355,"a",0.00213274091285272,0.885897733028233,0.0026692544130566,-1.19299865615169
"181",946,314799,"k","MAU","quitte",0.402694517795637,0.0440645235361653,0.109424195237064,"french",44.0645235361653,"i",0.00213274091285272,0.885897733028233,0.0026692544130566,0.246635539422205
"182",947,314799,"k","MAU","quelle",0.445267648536165,0.0263683983926521,0.0592192100174789,"french",26.3683983926521,"e",0.00213274091285272,0.885897733028233,0.0026692544130566,-0.586110903190511
"183",948,314799,"p","MAU","pile",0.509110368828932,0.0198641934557979,0.0390174600087011,"french",19.8641934557979,"i",0.00213274091285272,0.885897733028233,0.0026692544130566,-0.921195862996424
"184",949,314799,"p","MAU","pere",0.714681224885189,0.0133306902985074,0.0186526381753612,"french",13.3306902985074,"e",0.00213274091285272,0.885897733028233,0.0026692544130566,-1.25898568330973
"185",950,314799,"p","MAU","patte",0.631753461367502,0.0145905137772675,0.0230952652727611,"french",14.5905137772675,"a",0.00213274091285272,0.885897733028233,0.0026692544130566,-1.18529615038718
"186",951,314799,"t","MAU","tiro",0.429224623277841,0.0133306902985075,0.0310576084771317,"spanish",13.3306902985075,"i",0.00213274091285272,0.885897733028233,0.0026692544130566,-1.05322534209393
"187",952,314799,"t","MAU","tema",0.414740280568312,0.0126568312284731,0.03051748726005,"spanish",12.6568312284731,"e",0.00213274091285272,0.885897733028233,0.0026692544130566,-1.06218429348366
"188",953,314799,"k","MAU","quiso",0.418168172359357,0.0237315585533869,0.0567512310166757,"spanish",23.7315585533869,"i",0.00213274091285272,0.885897733028233,0.0026692544130566,-0.6270470915864
"189",954,314799,"k","MAU","queja",0.464820791057693,0.0256652411021814,0.0552153466366694,"spanish",25.6652411021814,"e",0.00213274091285272,0.885897733028233,0.0026692544130566,-0.652522694220693
"190",955,314799,"p","MAU","piso",0.466309943933076,0.0164646813409887,0.0353084500024122,"spanish",16.4646813409887,"i",0.00213274091285272,0.885897733028233,0.0026692544130566,-0.982716942523545
"191",956,314799,"p","MAU","pena",0.353705076779564,0.0176375287026406,0.0498650708189655,"spanish",17.6375287026406,"e",0.00213274091285272,0.885897733028233,0.0026692544130566,-0.741267330529274
"192",957,314799,"p","MAU","pato",0.372489200631458,0.0131841991963261,0.035394849498927,"spanish",13.1841991963261,"a",0.00213274091285272,0.885897733028233,0.0026692544130566,-0.981283840351489
"193",958,314799,"k","MAU","cama",0.533193851916343,0.0227401501053366,0.0426489353236287,"spanish",22.7401501053366,"a",0.00213274091285272,0.885897733028233,0.0026692544130566,-0.860960845762276
"194",959,314799,"t","MAU","tipping",0.614068258467279,0.074068258467279,0.120618933556596,"english",74.0682584672791,"i",0.00213274091285272,0.885897733028233,0.0026692544130566,0.432321850667923
"195",960,314799,"t","MAU","teller",0.521816489667049,0.0618164896670493,0.118464040311359,"english",61.8164896670493,"e",0.00213274091285272,0.885897733028233,0.0026692544130566,0.396578792954976
"196",961,314799,"t","MAU","tacky",0.579958830202354,0.0889745590926372,0.153415302016512,"english",88.9745590926372,"a",0.00213274091285272,0.885897733028233,0.0026692544130566,0.976312831765888
"197",962,314799,"p","MAU","penny",0.536698607921929,0.0291810275545351,0.0543713494386032,"english",29.1810275545351,"e",0.00213274091285272,0.885897733028233,0.0026692544130566,-0.666522014431438
"198",963,314799,"p","MAU","pass",0.668705756859393,0.0384392652123995,0.0574830780475575,"english",38.4392652123995,"a",0.00213274091285272,0.885897733028233,0.0026692544130566,-0.614907998051407
"199",964,314799,"p","MAU","parrot",0.48945355912744,0.0494535591274398,0.10103830732297,"english",49.4535591274398,"a",0.00213274091285272,0.885897733028233,0.0026692544130566,0.107539425797885
"200",965,314799,"k","MAU","kennel",0.4781160663031,0.0881160663030998,0.184298484224621,"english",88.1160663030998,"e",0.00213274091285272,0.885897733028233,0.0026692544130566,1.48856993149172
"201",966,314799,"k","MAU","cabbage",0.715728490958668,0.0878946613088404,0.122804474628517,"english",87.8946613088404,"a",0.00213274091285272,0.885897733028233,0.0026692544130566,0.468573261655615
"202",1114,314788,"t","MAU","tipping",0.779366538960023,0.0694395758897612,0.0890974559703584,"english",69.4395758897612,"i",0.0124969910306682,0.485670035312062,0.00765392920946177,-0.0905226081249039
"203",1115,314788,"t","MAU","teller",0.631336482786548,0.0822352719489783,0.130255852768106,"english",82.2352719489783,"e",0.0124969910306682,0.485670035312062,0.00765392920946177,0.592168729539236
"204",1116,314788,"t","MAU","tacky",0.5985663737661,0.10673104102767,0.178311120880601,"english",106.73104102767,"a",0.0124969910306682,0.485670035312062,0.00765392920946177,1.38925797066642
"205",1117,314788,"p","MAU","penny",0.425060853379152,0.012442726231386,0.0292728114867994,"english",12.442726231386,"e",0.0124969910306682,0.485670035312062,0.00765392920946177,-1.08282964011303
"206",1118,314788,"p","MAU","pass",0.695617152126736,0.102407377577319,0.147218016784413,"english",102.407377577319,"a",0.0124969910306682,0.485670035312062,0.00765392920946177,0.873518911833142
"207",1119,314788,"p","MAU","parrot",0.748976821193979,0.114591866517503,0.152997880942199,"english",114.591866517503,"a",0.0124969910306682,0.485670035312062,0.00765392920946177,0.969389098730505
"208",1120,314788,"k","MAU","kitten",0.507343347293814,0.143162048969072,0.282179809260737,"english",143.162048969072,"i",0.0124969910306682,0.485670035312062,0.00765392920946177,3.11212035911434
"209",1121,314788,"k","MAU","kennel",0.556799783433563,0.106152008161512,0.190646640533721,"english",106.152008161512,"e",0.0124969910306682,0.485670035312062,0.00765392920946177,1.59386633901841
"210",1122,314788,"k","MAU","cabbage",0.716892987542955,0.0320258805841924,0.0446731676005876,"english",32.0258805841924,"a",0.0124969910306682,0.485670035312062,0.00765392920946177,-0.827385052038075
"211",1123,314788,"t","MAU","tir",0.356982522551546,0.0149524806701031,0.0418857499331611,"french",14.9524806701031,"i",0.0124969910306682,0.485670035312062,0.00765392920946177,-0.873619746391092
"212",1124,314788,"t","MAU","terre",0.705460686427267,0.0183802501096733,0.0260542514463253,"french",18.3802501096733,"e",0.0124969910306682,0.485670035312062,0.00765392920946177,-1.13621566168673
"213",1125,314788,"t","MAU","tasse",0.495806844215349,0.0158068442153494,0.0318810528732512,"french",15.8068442153494,"a",0.0124969910306682,0.485670035312062,0.00765392920946177,-1.03956692971598
"214",1126,314788,"k","MAU","quitte",0.766028164306361,0.0711366605813291,0.0928642886723928,"french",71.1366605813291,"i",0.0124969910306682,0.485670035312062,0.00765392920946177,-0.0280424277440776
"215",1127,314788,"p","MAU","pile",0.608545201532074,0.023506854954181,0.0386279521964846,"french",23.506854954181,"i",0.0124969910306682,0.485670035312062,0.00765392920946177,-0.927656600781217
"216",1128,314788,"p","MAU","pere",0.556583063360788,0.027878041982148,0.0500878374088738,"french",27.878041982148,"e",0.0124969910306682,0.485670035312062,0.00765392920946177,-0.737572317285714
"217",1129,314788,"p","MAU","patte",0.501831262517873,0.0228710498890075,0.0455751795419339,"french",22.8710498890075,"a",0.0124969910306682,0.485670035312062,0.00765392920946177,-0.812423445495119
"218",1130,314788,"t","MAU","tiro",0.352168438573883,0.0184519974226804,0.0523953750580329,"spanish",18.4519974226804,"i",0.0124969910306682,0.485670035312062,0.00765392920946177,-0.699297357934017
"219",1131,314788,"t","MAU","tema",0.43394839991409,0.0188054839633447,0.0433357605813679,"spanish",18.8054839633447,"e",0.0124969910306682,0.485670035312062,0.00765392920946177,-0.849568525107718
"220",1132,314788,"t","MAU","talla",0.461936211340206,0.0168107960840489,0.0363920291835881,"spanish",16.8107960840489,"a",0.0124969910306682,0.485670035312062,0.00765392920946177,-0.96474369336379
"221",1133,314788,"k","MAU","quiso",0.438585561640893,0.0477206829896906,0.10880586859985,"spanish",47.7206829896906,"i",0.0124969910306682,0.485670035312062,0.00765392920946177,0.236379400410102
"222",1134,314788,"k","MAU","queja",0.405933070231959,0.0295868234536083,0.0728859647643435,"spanish",29.5868234536083,"e",0.0124969910306682,0.485670035312062,0.00765392920946177,-0.359421435048367
"223",1135,314788,"p","MAU","piso",0.339140625,0.0146343427835049,0.0431512526212539,"spanish",14.6343427835049,"i",0.0124969910306682,0.485670035312062,0.00765392920946177,-0.852628945238241
"224",1136,314788,"p","MAU","pena",0.351296892898053,0.0112968928980528,0.032157679519617,"spanish",11.2968928980528,"e",0.0124969910306682,0.485670035312062,0.00765392920946177,-1.03497854362871
"225",1137,314788,"p","MAU","pato",0.339890284936999,0.0155534077892325,0.045760083410785,"spanish",15.5534077892325,"a",0.0124969910306682,0.485670035312062,0.00765392920946177,-0.809356458455135
"226",1138,314788,"k","MAU","cama",0.393302593427835,0.023302593427835,0.0592485120038007,"spanish",23.302593427835,"a",0.0124969910306682,0.485670035312062,0.00765392920946177,-0.585624873272083
"227",1139,314786,"t","MAU","tiro",0.332534095790378,0.0180278135738832,0.0542134289448848,"spanish",18.0278135738832,"i",7.3860107827121e-06,0.442011219646016,0.0249495768752137,-0.669141430188349
"228",1140,314786,"t","MAU","tema",0.336669888316151,0.0166698883161512,0.0495140459383683,"spanish",16.6698883161512,"e",7.3860107827121e-06,0.442011219646016,0.0249495768752137,-0.747089754722954
"229",1141,314786,"t","MAU","talla",0.310662451675258,0.0206624516752578,0.0665109399730635,"spanish",20.6624516752578,"a",7.3860107827121e-06,0.442011219646016,0.0249495768752137,-0.465163508137064
"230",1142,314786,"k","MAU","quiso",0.458336778708477,0.0703084729381442,0.153399151462954,"spanish",70.3084729381442,"i",7.3860107827121e-06,0.442011219646016,0.0249495768752137,0.976044943707305
"231",1143,314786,"k","MAU","queja",0.391838130011455,0.0356314432989689,0.0909340887726453,"spanish",35.6314432989689,"e",7.3860107827121e-06,0.442011219646016,0.0249495768752137,-0.0600585132586115
"232",1144,314786,"p","MAU","piso",0.419142459550401,0.0197952462772051,0.047227967069809,"spanish",19.7952462772051,"i",7.3860107827121e-06,0.442011219646016,0.0249495768752137,-0.78500877883975
"233",1145,314786,"p","MAU","pena",0.352854068227377,0.0190529245418098,0.0539966129270536,"spanish",19.0529245418098,"e",7.3860107827121e-06,0.442011219646016,0.0249495768752137,-0.672737741725155
"234",1146,314786,"p","MAU","pato",0.426420643356934,0.0164206433569336,0.0385080872906727,"spanish",16.4206433569336,"a",7.3860107827121e-06,0.442011219646016,0.0249495768752137,-0.929644791266134
"235",1147,314786,"k","MAU","cama",0.348865173969072,0.0388651739690722,0.111404567922041,"spanish",38.8651739690722,"a",7.3860107827121e-06,0.442011219646016,0.0249495768752137,0.279483837280456
"236",1148,314786,"t","MAU","tipping",0.471545256798223,0.0653243127147767,0.138532435165029,"english",65.3243127147767,"i",7.3860107827121e-06,0.442011219646016,0.0249495768752137,0.729451800490922
"237",1149,314786,"t","MAU","teller",0.44912138067592,0.0991529746563575,0.220770996266386,"english",99.1529746563575,"e",7.3860107827121e-06,0.442011219646016,0.0249495768752137,2.09353683912226
"238",1150,314786,"t","MAU","tacky",0.446118986254295,0.0961189862542956,0.215455941611743,"english",96.1189862542956,"a",7.3860107827121e-06,0.442011219646016,0.0249495768752137,2.00537641368667
"239",1151,314786,"p","MAU","penny",0.373159026750877,0.0831400343642612,0.22280054455112,"english",83.1400343642612,"e",7.3860107827121e-06,0.442011219646016,0.0249495768752137,2.12720080908124
"240",1152,314786,"p","MAU","pass",0.531643668787586,0.117081051423343,0.220224669825085,"english",117.081051423343,"a",7.3860107827121e-06,0.442011219646016,0.0249495768752137,2.08447496212919
"241",1153,314786,"p","MAU","parrot",0.366852681128293,0.0561860144616266,0.153156886543178,"english",56.1860144616266,"a",7.3860107827121e-06,0.442011219646016,0.0249495768752137,0.972026513082718
"242",1154,314786,"k","MAU","kitten",0.427278153636884,0.0801707474226803,0.18763128126324,"english",80.1707474226803,"i",7.3860107827121e-06,0.442011219646016,0.0249495768752137,1.54385079385472
"243",1155,314786,"k","MAU","kennel",0.310037183204467,0.0737019437285225,0.237719692092276,"english",73.7019437285225,"e",7.3860107827121e-06,0.442011219646016,0.0249495768752137,2.37466362552014
"244",1156,314786,"k","MAU","cabbage",0.673328277133448,0.0925427763459337,0.137440798921909,"english",92.5427763459337,"a",7.3860107827121e-06,0.442011219646016,0.0249495768752137,0.711344909430019
"245",1157,314786,"t","MAU","tir",0.299794852655683,0.0894252475746476,0.298288135311494,"french",89.4252475746476,"i",7.3860107827121e-06,0.442011219646016,0.0249495768752137,3.37930799310215
"246",1158,314786,"t","MAU","terre",0.434534404403651,0.021815747809754,0.0502048804160713,"french",21.815747809754,"e",7.3860107827121e-06,0.442011219646016,0.0249495768752137,-0.735630933428112
"247",1159,314786,"t","MAU","tasse",0.537155138083476,0.0195478056987399,0.036391359428274,"french",19.5478056987399,"a",7.3860107827121e-06,0.442011219646016,0.0249495768752137,-0.96475480254653
"248",1160,314786,"k","MAU","quitte",0.586774634725354,0.0906692976804124,0.154521501637253,"french",90.6692976804124,"i",7.3860107827121e-06,0.442011219646016,0.0249495768752137,0.99466128451341
"249",1161,314786,"k","MAU","quelle",0.423525692654639,0.036267719072165,0.0856328664380208,"french",36.267719072165,"e",7.3860107827121e-06,0.442011219646016,0.0249495768752137,-0.147989503006926
"250",1162,314786,"p","MAU","pile",0.479976822021764,0.038530032932417,0.0802747782072482,"french",38.530032932417,"i",7.3860107827121e-06,0.442011219646016,0.0249495768752137,-0.236863723243532
"251",1163,314786,"p","MAU","pere",0.516273968014273,0.044052585954937,0.0853279240949819,"french",44.052585954937,"e",7.3860107827121e-06,0.442011219646016,0.0249495768752137,-0.15304755949787
"252",1164,314786,"p","MAU","patte",0.482077573451371,0.00960015750286369,0.0199141342214545,"french",9.60015750286369,"a",7.3860107827121e-06,0.442011219646016,0.0249495768752137,-1.23806134003665
"253",1309,314772,"t","MAU","tipping",0.510154236469072,0.0827158505154639,0.162138907417421,"english",82.7158505154639,"i",0.0104756675094769,0.478964798681109,0.000692188497858584,1.12101064080996
"254",1310,314772,"t","MAU","teller",0.471689760106299,0.0954607008279487,0.202380269621363,"english",95.4607008279487,"e",0.0104756675094769,0.478964798681109,0.000692188497858584,1.78849119228615
"255",1311,314772,"t","MAU","tacky",0.519423039835012,0.0887251217067584,0.170814759651287,"english",88.7251217067584,"a",0.0104756675094769,0.478964798681109,0.000692188497858584,1.2649163715414
"256",1312,314772,"p","MAU","penny",0.516037281643757,0.0360372816437572,0.0698346474676519,"english",36.0372816437572,"e",0.0104756675094769,0.478964798681109,0.000692188497858584,-0.410033413380577
"257",1313,314772,"p","MAU","pass",0.60399713899486,0.0596297000923325,0.0987251366646622,"english",59.6297000923325,"a",0.0104756675094769,0.478964798681109,0.000692188497858584,0.0691710321326578
"258",1314,314772,"p","MAU","parrot",0.233562875859106,0.0392370060137458,0.167993333141758,"english",39.2370060137458,"a",0.0104756675094769,0.478964798681109,0.000692188497858584,1.21811757499506
"259",1315,314772,"k","MAU","kitten",0.401488312571592,0.0682229023482246,0.169925002078508,"english",68.2229023482246,"i",0.0104756675094769,0.478964798681109,0.000692188497858584,1.25015802731963
"260",1316,314772,"k","MAU","kennel",0.514290028994845,0.0877707080469645,0.170663833826427,"english",87.7707080469645,"e",0.0104756675094769,0.478964798681109,0.000692188497858584,1.26241297584871
"261",1317,314772,"k","MAU","cabbage",0.72980441902921,0.0905279030641466,0.124044059892878,"english",90.5279030641466,"a",0.0104756675094769,0.478964798681109,0.000692188497858584,0.489134172383841
"262",1318,314772,"t","MAU","terre",0.474746421604818,0.036630322733738,0.0771576594720061,"french",36.630322733738,"e",0.0104756675094769,0.478964798681109,0.000692188497858584,-0.288567145256725
"263",1319,314772,"t","MAU","tasse",0.636493145045819,0.0258045174684994,0.0405417052317851,"french",25.8045174684994,"a",0.0104756675094769,0.478964798681109,0.000692188497858584,-0.895913318212456
"264",1320,314772,"k","MAU","quitte",0.520108674720749,0.0497091966222253,0.0955746347605422,"french",49.7091966222253,"i",0.0104756675094769,0.478964798681109,0.000692188497858584,0.0169138859224631
"265",1321,314772,"k","MAU","quelle",0.599834264032073,0.0735252004581901,0.122575859478175,"french",73.5252004581901,"e",0.0104756675094769,0.478964798681109,0.000692188497858584,0.46478123876502
"266",1322,314772,"p","MAU","pile",0.548434886861243,0.0334684700892171,0.0610254214146752,"french",33.468470089217,"i",0.0104756675094769,0.478964798681109,0.000692188497858584,-0.556151405960443
"267",1323,314772,"p","MAU","pere",0.546644154002155,0.0257054728653496,0.0470241429953137,"french",25.7054728653496,"e",0.0104756675094769,0.478964798681109,0.000692188497858584,-0.788389593956266
"268",1324,314772,"p","MAU","patte",0.667197257157721,0.0293274895057855,0.043956250106185,"french",29.3274895057855,"a",0.0104756675094769,0.478964798681109,0.000692188497858584,-0.839276510436069
"269",1325,314772,"t","MAU","tiro",0.379497780641466,0.0350658648339062,0.0924007112100478,"spanish",35.0658648339062,"i",0.0104756675094769,0.478964798681109,0.000692188497858584,-0.0357317534346394
"270",1326,314772,"k","MAU","quiso",0.432692001360252,0.0707680054410083,0.163552839475967,"spanish",70.7680054410083,"i",0.0104756675094769,0.478964798681109,0.000692188497858584,1.14446342914762
"271",1327,314772,"k","MAU","queja",0.424792248353379,0.0444686068155785,0.104683188047692,"spanish",44.4686068155785,"e",0.0104756675094769,0.478964798681109,0.000692188497858584,0.167996797590434
"272",1328,314772,"p","MAU","piso",0.436017772766323,0.0156948024054981,0.0359957859192807,"spanish",15.6948024054981,"i",0.0104756675094769,0.478964798681109,0.000692188497858584,-0.971316151603107
"273",1329,314772,"p","MAU","pena",0.358520860180412,0.0215626789805268,0.0601434431728078,"spanish",21.5626789805268,"e",0.0104756675094769,0.478964798681109,0.000692188497858584,-0.570780714985523
"274",1330,314772,"p","MAU","pato",0.429476750051457,0.0202279317010308,0.0470990145534239,"spanish",20.2279317010308,"a",0.0104756675094769,0.478964798681109,0.000692188497858584,-0.78714770486106
"275",1331,314772,"k","MAU","cama",0.36116781041989,0.0311678104198896,0.0862973097842087,"spanish",31.1678104198896,"a",0.0104756675094769,0.478964798681109,0.000692188497858584,-0.136968429493298
"276",1332,314768,"t","MAU","tipping",0.628337869546498,0.127007785591274,0.202132947490403,"english",127.007785591274,"i",0.00163453655422625,0.926774464864243,0.00652629584686637,1.78438887806704
"277",1333,314768,"t","MAU","teller",0.603672502870264,0.0936725028702641,0.155171061171218,"english",93.6725028702641,"e",0.00163453655422625,0.926774464864243,0.00652629584686637,1.00543548131496
"278",1334,314768,"p","MAU","penny",0.576579057835821,0.113501305970149,0.196852980398168,"english",113.501305970149,"e",0.00163453655422625,0.926774464864243,0.00652629584686637,1.69681044748012
"279",1335,314768,"p","MAU","pass",0.785524959816303,0.0562525832376578,0.0716114523602313,"english",56.2525832376578,"a",0.00163453655422625,0.926774464864243,0.00652629584686637,-0.380561679706306
"280",1336,314768,"p","MAU","parrot",0.672307306116436,0.0851084984242844,0.12659166076286,"english",85.1084984242844,"a",0.00163453655422625,0.926774464864243,0.00652629584686637,0.531391042939535
"281",1337,314768,"k","MAU","kitten",0.40303839695752,0.0870157146957519,0.215899317168342,"english",87.0157146957519,"i",0.00163453655422625,0.926774464864243,0.00652629584686637,2.01273065183423
"282",1338,314768,"k","MAU","kennel",0.396477008403514,0.0832287533335266,0.209920755981948,"english",83.2287533335266,"e",0.00163453655422625,0.926774464864243,0.00652629584686637,1.91356469175802
"283",1339,314768,"k","MAU","cabbage",0.774768599311137,0.144768599311137,0.186853983808654,"english",144.768599311137,"a",0.00163453655422625,0.926774464864243,0.00652629584686637,1.53095781744357
"284",1340,314768,"t","MAU","tiro",0.289343465401861,0.021318314969931,0.0736782319943621,"spanish",21.318314969931,"i",0.00163453655422625,0.926774464864243,0.00652629584686637,-0.346280156059617
"285",1341,314768,"t","MAU","tema",0.313643797477829,0.0220734041071229,0.0703773015268481,"spanish",22.0734041071229,"e",0.00163453655422625,0.926774464864243,0.00652629584686637,-0.401032449922696
"286",1342,314768,"t","MAU","talla",0.311210993111366,0.0187508610792193,0.0602512812666272,"spanish",18.7508610792193,"a",0.00163453655422625,0.926774464864243,0.00652629584686637,-0.568992012357418
"287",1343,314768,"k","MAU","quiso",0.34311072402411,0.0631107240241103,0.183936903177866,"spanish",63.1107240241103,"i",0.00163453655422625,0.926774464864243,0.00652629584686637,1.48257241293685
"288",1344,314768,"k","MAU","queja",0.382881910160735,0.0448262772675087,0.117075986297421,"spanish",44.8262772675087,"e",0.00163453655422625,0.926774464864243,0.00652629584686637,0.373555241863276
"289",1345,314768,"p","MAU","piso",0.526552346440873,0.0263683983926521,0.0500774492239645,"spanish",26.3683983926521,"i",0.00163453655422625,0.926774464864243,0.00652629584686637,-0.737744625354137
"290",1346,314768,"p","MAU","pena",0.30732409586682,0.0182820895522388,0.0594879796218822,"spanish",18.2820895522388,"e",0.00163453655422625,0.926774464864243,0.00652629584686637,-0.581652841287488
"291",1347,314768,"p","MAU","pato",0.276855324339839,0.0168553243398392,0.060881344362911,"spanish",16.8553243398392,"a",0.00163453655422625,0.926774464864243,0.00652629584686637,-0.558541201551339
"292",1348,314768,"k","MAU","cama",0.340483191016073,0.0216806831228473,0.0636762216018582,"spanish",21.6806831228473,"a",0.00163453655422625,0.926774464864243,0.00652629584686637,-0.512182775827421
"293",1349,314768,"t","MAU","tir",0.353773715556831,0.0602957376578644,0.170435888836344,"french",60.2957376578644,"i",0.00163453655422625,0.926774464864243,0.00652629584686637,1.25863206885764
"294",1350,314768,"t","MAU","terre",0.339764366570713,0.0245338715780683,0.0722084891529148,"french",24.5338715780683,"e",0.00163453655422625,0.926774464864243,0.00652629584686637,-0.370658673798794
"295",1351,314768,"t","MAU","tasse",0.510776173220436,0.0238780496555684,0.046748558189427,"french",23.8780496555684,"a",0.00163453655422625,0.926774464864243,0.00652629584686637,-0.792960699111192
"296",1352,314768,"k","MAU","quitte",0.403213497416763,0.0576588978185993,0.142998431818375,"french",57.6588978185993,"i",0.00163453655422625,0.926774464864243,0.00652629584686637,0.803528962540227
"297",1353,314768,"k","MAU","quelle",0.392733259370106,0.0288609880567687,0.0734875067700099,"french",28.8609880567687,"e",0.00163453655422625,0.926774464864243,0.00652629584686637,-0.349443701500397
"298",1354,314768,"p","MAU","pere",0.489242637831242,0.014861842321047,0.0303772426437072,"french",14.861842321047,"e",0.00163453655422625,0.926774464864243,0.00652629584686637,-1.06451052074664
"299",1355,314768,"p","MAU","patte",0.506337722445465,0.0277747129735937,0.0548541255023423,"french",27.7747129735937,"a",0.00163453655422625,0.926774464864243,0.00652629584686637,-0.658514242934267
"300",1503,314753,"t","MAU","tipping",0.599258696900115,0.0562525832376578,0.093870282615246,"english",56.2525832376578,"i",0.0127838434919276,0.80045865227347,0.0385858725871913,-0.0113560792960724
"301",1504,314753,"t","MAU","teller",0.489648880597015,0.0628153846153846,0.128286588828296,"english",62.8153846153846,"e",0.0127838434919276,0.80045865227347,0.0385858725871913,0.559504691630057
"302",1505,314753,"t","MAU","tacky",0.555633322330655,0.0624052095292766,0.112313655465285,"english",62.4052095292766,"a",0.0127838434919276,0.80045865227347,0.0385858725871913,0.294562806318069
"303",1506,314753,"p","MAU","penny",0.424739583333333,0.0166999856486797,0.0393181758987922,"english",16.6999856486797,"e",0.0127838434919276,0.80045865227347,0.0385858725871913,-0.916207910373488
"304",1507,314753,"p","MAU","pass",0.570796356558554,0.0565455654420208,0.0990643419361423,"english",56.5455654420208,"a",0.0127838434919276,0.80045865227347,0.0385858725871913,0.0747974053285678
"305",1508,314753,"p","MAU","parrot",0.410067931590564,0.0453536452353617,0.11060032190141,"english",45.3536452353617,"a",0.0127838434919276,0.80045865227347,0.0385858725871913,0.266143866962037
"306",1509,314753,"k","MAU","kitten",0.486909726607348,0.0785778272101033,0.161380689101472,"english",78.5778272101033,"i",0.0127838434919276,0.80045865227347,0.0385858725871913,1.10843412868534
"307",1510,314753,"k","MAU","kennel",0.546645630022963,0.07374597804248,0.134906370767808,"english",73.7459780424799,"e",0.0127838434919276,0.80045865227347,0.0385858725871913,0.669306533755689
"308",1511,314753,"t","MAU","tiro",0.51369019804822,0.0172273536165327,0.0335364655233612,"spanish",17.2273536165327,"i",0.0127838434919276,0.80045865227347,0.0385858725871913,-1.01210872034881
"309",1512,314753,"t","MAU","tema",0.417538030998852,0.0128912169919633,0.0308743540345879,"spanish",12.8912169919633,"e",0.0127838434919276,0.80045865227347,0.0385858725871913,-1.05626497021958
"310",1513,314753,"t","MAU","talla",0.497846351176809,0.0156745479334099,0.0314847098835986,"spanish",15.6745479334099,"a",0.0127838434919276,0.80045865227347,0.0385858725871913,-1.04614104209235
"311",1514,314753,"k","MAU","quiso",0.489238234473755,0.0803886295198886,0.164313873804973,"spanish",80.3886295198886,"i",0.0127838434919276,0.80045865227347,0.0385858725871913,1.15708665027624
"312",1515,314753,"k","MAU","queja",0.422807057261768,0.0364326729861576,0.0861685545698009,"spanish",36.4326729861576,"e",0.0127838434919276,0.80045865227347,0.0385858725871913,-0.139104082881044
"313",1516,314753,"p","MAU","piso",0.412372466991963,0.0144147244546498,0.0349555938101238,"spanish",14.4147244546498,"i",0.0127838434919276,0.80045865227347,0.0385858725871913,-0.988569742551209
"314",1517,314753,"p","MAU","pena",0.452572671498278,0.0143561280137773,0.0317211553367776,"spanish",14.3561280137773,"e",0.0127838434919276,0.80045865227347,0.0385858725871913,-1.04221913853745
"315",1518,314753,"p","MAU","pato",0.48161025401837,0.0120122703788748,0.0249418908311213,"spanish",12.0122703788748,"a",0.0127838434919276,0.80045865227347,0.0385858725871913,-1.15466630640184
"316",1519,314753,"k","MAU","cama",0.385502493541906,0.0193368254879449,0.0501600529487701,"spanish",19.3368254879449,"a",0.0127838434919276,0.80045865227347,0.0385858725871913,-0.736374483371672
"317",1520,314753,"t","MAU","tir",0.265063020235362,0.0290052382319173,0.109427705932582,"french",29.0052382319173,"i",0.0127838434919276,0.80045865227347,0.0385858725871913,0.246693771073722
"318",1521,314753,"t","MAU","tasse",0.521786656859931,0.0184578788748566,0.0353743788427527,"french",18.4578788748566,"a",0.0127838434919276,0.80045865227347,0.0385858725871913,-0.981623385638328
"319",1522,314753,"k","MAU","quitte",0.509706263801736,0.0586159730195178,0.114999514783907,"french",58.6159730195178,"i",0.0127838434919276,0.80045865227347,0.0385858725871913,0.339112959717341
"320",1523,314753,"p","MAU","pile",0.766899449268078,0.016992049368542,0.0221568151923425,"french",16.992049368542,"i",0.0127838434919276,0.80045865227347,0.0385858725871913,-1.20086215369582
"321",1524,314753,"p","MAU","pere",0.314076187571756,0.0131841991963261,0.0419777102436774,"french",13.1841991963261,"e",0.0127838434919276,0.80045865227347,0.0385858725871913,-0.872094407401168
"322",1525,314753,"p","MAU","patte",0.590922664322618,0.0215341920206659,0.0364416417254038,"french",21.5341920206659,"a",0.0127838434919276,0.80045865227347,0.0385858725871913,-0.963920773736879
"323",1884,307983,"t","MAU","tipping",0.341350047073584,0.043935700568563,0.128711570264093,"english",43.935700568563,"i",0.00709560879098789,0.795031464213903,0.00842554455185728,0.56655382783214
"324",1885,307983,"t","MAU","teller",0.424296031859931,0.0785454609597436,0.185119480414262,"english",78.5454609597436,"e",0.00709560879098789,0.795031464213903,0.00842554455185728,1.50218773564667
"325",1886,307983,"t","MAU","tacky",0.465789335257562,0.0818624273708066,0.17574989630353,"english",81.8624273708066,"a",0.00709560879098789,0.795031464213903,0.00842554455185728,1.34677512467096
"326",1887,307983,"p","MAU","penny",0.454853771937781,0.0728891190515535,0.160247366403117,"english",72.8891190515535,"e",0.00709560879098789,0.795031464213903,0.00842554455185728,1.08963578741984
"327",1888,307983,"p","MAU","pass",0.589508597737246,0.129657873488009,0.219942294286604,"english",129.657873488009,"a",0.00709560879098789,0.795031464213903,0.00842554455185728,2.07979121958605
"328",1889,307983,"p","MAU","parrot",0.365144952611437,0.0139849961674052,0.038299847957332,"english",13.9849961674052,"a",0.00709560879098789,0.795031464213903,0.00842554455185728,-0.933098841960364
"329",1890,307983,"k","MAU","kitten",0.364706341595655,0.0377774253823584,0.103583132711856,"english",37.7774253823584,"i",0.00709560879098789,0.795031464213903,0.00842554455185728,0.149750259650269
"330",1891,307983,"k","MAU","kennel",0.512764446176253,0.135775618738291,0.264791406172534,"english",135.775618738291,"e",0.00709560879098789,0.795031464213903,0.00842554455185728,2.82370018029974
"331",1892,307983,"t","MAU","tiro",0.373796012496492,0.0265361361707357,0.0709909557180862,"spanish",26.5361361707357,"i",0.00709560879098789,0.795031464213903,0.00842554455185728,-0.390853812432557
"332",1893,307983,"t","MAU","talla",0.434941171587331,0.0145700623758409,0.0334989265850989,"spanish",14.5700623758409,"a",0.00709560879098789,0.795031464213903,0.00842554455185728,-1.01273137599069
"333",1894,307983,"k","MAU","quiso",0.463877471524611,0.0434728958322586,0.0937163335166452,"spanish",43.4728958322586,"i",0.00709560879098789,0.795031464213903,0.00842554455185728,-0.013909621810676
"334",1895,307983,"p","MAU","piso",0.434233450894683,0.0168275361535308,0.0387522797215641,"spanish",16.8275361535308,"i",0.00709560879098789,0.795031464213903,0.00842554455185728,-0.925594389154703
"335",1896,307983,"p","MAU","pato",0.406869284129836,0.0140603581056042,0.0345574331954669,"spanish",14.0603581056042,"a",0.00709560879098789,0.795031464213903,0.00842554455185728,-0.995174003741484
"336",1897,307983,"k","MAU","cama",0.393297704669332,0.045868699373081,0.116625901520695,"spanish",45.868699373081,"a",0.00709560879098789,0.795031464213903,0.00842554455185728,0.366089718368878
"337",1898,307983,"t","MAU","tir",0.410331812746533,0.0393650790919258,0.0959347480967605,"french",39.3650790919258,"i",0.00709560879098789,0.795031464213903,0.00842554455185728,0.0228870596692846
"338",1899,307983,"t","MAU","terre",0.528757296475807,0.0514825419866742,0.0973651660786675,"french",51.4825419866742,"e",0.00709560879098789,0.795031464213903,0.00842554455185728,0.0466132988200858
"339",1900,307983,"t","MAU","tasse",0.73362612195414,0.0510404086935197,0.0695727798753468,"french",51.0404086935197,"a",0.00709560879098789,0.795031464213903,0.00842554455185728,-0.414376992110336
"340",1901,307983,"p","MAU","pile",0.53124254238632,0.0439537438364126,0.0827376204454074,"french",43.9537438364126,"i",0.00709560879098789,0.795031464213903,0.00842554455185728,-0.196012737956451
"341",1902,307983,"p","MAU","pere",0.649895833333333,0.0246636337167512,0.0379501336241082,"french",24.6636337167512,"e",0.00709560879098789,0.795031464213903,0.00842554455185728,-0.938899528199968
"342",1903,307983,"p","MAU","patte",0.456745352897863,0.0154901773545941,0.0339142527807131,"french",15.4901773545941,"a",0.00709560879098789,0.795031464213903,0.00842554455185728,-1.0058423905561
"343",1904,307982,"t","MAU","tipping",0.502370676664753,0.0967914957532112,0.192669477438077,"english",96.7914957532112,"i",1.47883672238225e-05,0.816963580524067,2.41550764480665e-05,1.62741898779861
"344",1905,307982,"t","MAU","teller",0.541761445177956,0.0871462576191055,0.160857252568942,"english",87.1462576191056,"e",1.47883672238225e-05,0.816963580524067,2.41550764480665e-05,1.09975192494619
"345",1906,307982,"t","MAU","tacky",0.567256132497602,0.086812796947032,0.153039856201817,"english",86.812796947032,"a",1.47883672238225e-05,0.816963580524067,2.41550764480665e-05,0.970085339312427
"346",1907,307982,"p","MAU","penny",0.527790031272424,0.126623584816433,0.239912801140184,"english",126.623584816433,"e",1.47883672238225e-05,0.816963580524067,2.41550764480665e-05,2.41104056597574
"347",1908,307982,"p","MAU","pass",0.591975587333494,0.0849257000583474,0.143461490432213,"english",84.9257000583474,"a",1.47883672238225e-05,0.816963580524067,2.41550764480665e-05,0.811209682128297
"348",1909,307982,"p","MAU","parrot",0.693097570961839,0.104061842666939,0.150140250127451,"english",104.061842666939,"a",1.47883672238225e-05,0.816963580524067,2.41550764480665e-05,0.921989784003618
"349",1910,307982,"k","MAU","kennel",0.567521713547646,0.113208323765787,0.199478400673179,"english",113.208323765787,"e",1.47883672238225e-05,0.816963580524067,2.41550764480665e-05,1.74035810285371
"350",1911,307982,"t","MAU","tiro",0.478218384405878,0.0213542622431663,0.0446537877662233,"spanish",21.3542622431663,"i",1.47883672238225e-05,0.816963580524067,2.41550764480665e-05,-0.827706503942795
"351",1912,307982,"t","MAU","tema",0.426760416666667,0.0139314916611419,0.032644760659758,"spanish",13.9314916611419,"e",1.47883672238225e-05,0.816963580524067,2.41550764480665e-05,-1.02689936414201
"352",1913,307982,"t","MAU","talla",0.445438784443168,0.0186842855364702,0.0419457985900956,"spanish",18.6842855364702,"a",1.47883672238225e-05,0.816963580524067,2.41550764480665e-05,-0.872623723680854
"353",1914,307982,"k","MAU","quiso",0.527388615465334,0.0415489433088475,0.078782404645173,"spanish",41.5489433088475,"i",1.47883672238225e-05,0.816963580524067,2.41550764480665e-05,-0.261617615101717
"354",1915,307982,"k","MAU","queja",0.470322510045924,0.0351578645235362,0.0747526724164303,"spanish",35.1578645235362,"e",1.47883672238225e-05,0.816963580524067,2.41550764480665e-05,-0.328458490833281
"355",1916,307982,"k","MAU","cama",0.469484104599489,0.0206552454075775,0.0439956224400785,"spanish",20.6552454075775,"a",1.47883672238225e-05,0.816963580524067,2.41550764480665e-05,-0.838623444394046
"356",1917,307982,"t","MAU","tir",0.374990439108963,0.0219443671067738,0.0585198042886564,"french",21.9443671067738,"i",1.47883672238225e-05,0.816963580524067,2.41550764480665e-05,-0.597711895204999
"357",1918,307982,"t","MAU","terre",0.435991749883836,0.0229903390692167,0.0527311332733753,"french",22.9903390692167,"e",1.47883672238225e-05,0.816963580524067,2.41550764480665e-05,-0.693728160807846
"358",1919,307982,"t","MAU","tasse",0.601569764198745,0.0261059132475044,0.0433963187665789,"french",26.1059132475044,"a",1.47883672238225e-05,0.816963580524067,2.41550764480665e-05,-0.848564050888973
"359",1920,307982,"k","MAU","quitte",0.490567899045804,0.0619905920710625,0.126364958228289,"french",61.9905920710625,"i",1.47883672238225e-05,0.816963580524067,2.41550764480665e-05,0.527630744467788
"360",1921,307982,"p","MAU","pile",0.524832045204954,0.0142577334315146,0.0271662783585304,"french",14.2577334315146,"i",1.47883672238225e-05,0.816963580524067,2.41550764480665e-05,-1.11777055207903
"361",1922,307982,"p","MAU","pere",0.513223245646904,0.0172473726095413,0.0336059848337569,"french",17.2473726095413,"e",1.47883672238225e-05,0.816963580524067,2.41550764480665e-05,-1.01095560859762
"362",1923,307982,"p","MAU","patte",0.555799266449428,0.0290052382319174,0.0521865356483995,"french",29.0052382319174,"a",1.47883672238225e-05,0.816963580524067,2.41550764480665e-05,-0.70276136205012
"363",1945,307953,"t","MAU","tir",0.444330564724455,0.0218271742250287,0.0491237289484339,"french",21.8271742250287,"i",0.00473532908153712,0.894152697852516,0.00935868424989958,-0.75356391427977
"364",1946,307953,"t","MAU","terre",0.502009838218522,0.0211649839869912,0.0421604964199492,"french",21.1649839869912,"e",0.00473532908153712,0.894152697852516,0.00935868424989958,-0.869062546374152
"365",1947,307953,"t","MAU","tasse",0.602117794823326,0.0191541075230247,0.031811229775471,"french",19.1541075230247,"a",0.00473532908153712,0.894152697852516,0.00935868424989958,-1.04072508036645
"366",1948,307953,"k","MAU","quitte",0.677029424643238,0.0616242586548807,0.0910215367483529,"french",61.6242586548807,"i",0.00473532908153712,0.894152697852516,0.00935868424989958,-0.0586080200383532
"367",1949,307953,"k","MAU","quelle",0.56170225617416,0.0318849227187662,0.0567648115496977,"french",31.8849227187662,"e",0.00473532908153712,0.894152697852516,0.00935868424989958,-0.626821832271744
"368",1950,307953,"p","MAU","pile",0.679838683907673,0.0107688301126678,0.0158402726522844,"french",10.7688301126678,"i",0.00473532908153712,0.894152697852516,0.00935868424989958,-1.30563418593204
"369",1951,307953,"p","MAU","pere",0.617881801981576,0.0134630438786816,0.0217890279912841,"french",13.4630438786816,"e",0.00473532908153712,0.894152697852516,0.00935868424989958,-1.20696261328126
"370",1952,307953,"p","MAU","patte",0.725256868827377,0.00801226651049858,0.0110474879382433,"french",8.01226651049858,"a",0.00473532908153712,0.894152697852516,0.00935868424989958,-1.38513175780403
"371",1953,307953,"t","MAU","tiro",0.357944930396096,0.015791740815155,0.0441177943145615,"spanish",15.791740815155,"i",0.00473532908153712,0.894152697852516,0.00935868424989958,-0.836596988387375
"372",1954,307953,"t","MAU","tema",0.421878821039036,0.0123052525832377,0.029167741942891,"spanish",12.3052525832377,"e",0.00473532908153712,0.894152697852516,0.00935868424989958,-1.08457242100489
"373",1955,307953,"t","MAU","talla",0.426024059988519,0.0133599885189437,0.0313597042366663,"spanish",13.3599885189437,"a",0.00473532908153712,0.894152697852516,0.00935868424989958,-1.04821450167678
"374",1956,307953,"k","MAU","quiso",0.405924424463424,0.0277735902395492,0.0684205939966832,"spanish",27.7735902395492,"i",0.00473532908153712,0.894152697852516,0.00935868424989958,-0.433488215577272
"375",1957,307953,"k","MAU","queja",0.417169617106032,0.0262179246161887,0.0628471574657481,"spanish",26.2179246161887,"e",0.00473532908153712,0.894152697852516,0.00935868424989958,-0.525934402424338
"376",1958,307953,"p","MAU","piso",0.477789193455798,0.0112505166475316,0.0235470303674258,"spanish",11.2505166475316,"i",0.00473532908153712,0.894152697852516,0.00935868424989958,-1.1778027555812
"377",1959,307953,"p","MAU","pena",0.3898165919856,0.0156742672067903,0.0402093382607207,"spanish",15.6742672067903,"e",0.00473532908153712,0.894152697852516,0.00935868424989958,-0.90142626501615
"378",1960,307953,"p","MAU","pato",0.412684062858783,0.0101957807118255,0.0247060200027991,"spanish",10.1957807118255,"a",0.00473532908153712,0.894152697852516,0.00935868424989958,-1.15857867869599
"379",1961,307953,"k","MAU","cama",0.79476155912744,0.0173445464982779,0.0218235850728869,"spanish",17.3445464982779,"a",0.00473532908153712,0.894152697852516,0.00935868424989958,-1.20638941747917
"380",1962,307953,"t","MAU","tipping",0.58436962901837,0.042042946326062,0.0719458100460939,"english",42.042946326062,"i",0.00473532908153712,0.894152697852516,0.00935868424989958,-0.375015713060872
"381",1963,307953,"t","MAU","teller",0.408285824483352,0.0373552310562572,0.0914928435331467,"english",37.3552310562572,"e",0.00473532908153712,0.894152697852516,0.00935868424989958,-0.0507904886378426
"382",1964,307953,"t","MAU","tacky",0.600075373134328,0.0328140068886338,0.054683142081367,"english",32.8140068886338,"a",0.00473532908153712,0.894152697852516,0.00935868424989958,-0.66135033251661
"383",1965,307953,"p","MAU","penny",0.386141941733639,0.0221494546498278,0.0573609138400885,"english",22.1494546498278,"e",0.00473532908153712,0.894152697852516,0.00935868424989958,-0.616934326885873
"384",1966,307953,"p","MAU","pass",0.41153258467279,0.0417042810985367,0.101338952617071,"english",41.7042810985367,"a",0.00473532908153712,0.894152697852516,0.00935868424989958,0.112526207450261
"385",1967,307953,"p","MAU","parrot",0.615712004879449,0.0389666331802526,0.063287109673754,"english",38.9666331802526,"a",0.00473532908153712,0.894152697852516,0.00935868424989958,-0.518636947111203
"386",1968,307953,"k","MAU","kitten",0.566631163892078,0.084085892652124,0.148396166696082,"english",84.085892652124,"i",0.00473532908153712,0.894152697852516,0.00935868424989958,0.893060798829338
"387",1969,307953,"k","MAU","kennel",0.471177041475316,0.0660674870838117,0.140217967490406,"english",66.0674870838117,"e",0.00473532908153712,0.894152697852516,0.00935868424989958,0.757409602723655
"388",1970,307953,"k","MAU","cabbage",0.876288892078071,0.0421894374282434,0.0481455805381641,"english",42.1894374282434,"a",0.00473532908153712,0.894152697852516,0.00935868424989958,-0.769788390901699
