"","participant","text","tier_name","word","duration","vot","relative_vot","language","vot_ms"
"1","314768","t","MAU","tipping",0.628337869546498,0.127007785591274,0.202132947490403,"english",127.007785591274
"2","314768","t","MAU","teller",0.603672502870264,0.0936725028702641,0.155171061171218,"english",93.6725028702641
"3","314768","p","MAU","penny",0.576579057835821,0.113501305970149,0.196852980398168,"english",113.501305970149
"4","314768","p","MAU","pass",0.785524959816303,0.0562525832376578,0.0716114523602313,"english",56.2525832376578
"5","314768","p","MAU","parrot",0.672307306116436,0.0851084984242844,0.12659166076286,"english",85.1084984242844
"6","314768","k","MAU","kitten",0.40303839695752,0.0870157146957519,0.215899317168342,"english",87.0157146957519
"7","314768","k","MAU","kennel",0.396477008403514,0.0832287533335266,0.209920755981948,"english",83.2287533335266
"8","314768","k","MAU","cabbage",0.774768599311137,0.144768599311137,0.186853983808654,"english",144.768599311137
"9","314768","t","MAU","tiro",0.289343465401861,0.021318314969931,0.0736782319943621,"spanish",21.318314969931
"10","314768","t","MAU","tema",0.313643797477829,0.0220734041071229,0.0703773015268481,"spanish",22.0734041071229
"11","314768","t","MAU","talla",0.311210993111366,0.0187508610792193,0.0602512812666272,"spanish",18.7508610792193
"12","314768","k","MAU","quiso",0.34311072402411,0.0631107240241103,0.183936903177866,"spanish",63.1107240241103
"13","314768","k","MAU","queja",0.382881910160735,0.0448262772675087,0.117075986297421,"spanish",44.8262772675087
"14","314768","p","MAU","piso",0.526552346440873,0.0263683983926521,0.0500774492239645,"spanish",26.3683983926521
"15","314768","p","MAU","pena",0.30732409586682,0.0182820895522388,0.0594879796218822,"spanish",18.2820895522388
"16","314768","p","MAU","pato",0.276855324339839,0.0168553243398392,0.060881344362911,"spanish",16.8553243398392
"17","314768","k","MAU","cama",0.340483191016073,0.0216806831228473,0.0636762216018582,"spanish",21.6806831228473
"18","314768","t","MAU","tir",0.353773715556831,0.0602957376578644,0.170435888836344,"french",60.2957376578644
"19","314768","t","MAU","terre",0.339764366570713,0.0245338715780683,0.0722084891529148,"french",24.5338715780683
"20","314768","t","MAU","tasse",0.510776173220436,0.0238780496555684,0.046748558189427,"french",23.8780496555684
"21","314768","k","MAU","quitte",0.403213497416763,0.0576588978185993,0.142998431818375,"french",57.6588978185993
"22","314768","k","MAU","quelle",0.392733259370106,0.0288609880567687,0.0734875067700099,"french",28.8609880567687
"23","314768","p","MAU","pere",0.489242637831242,0.014861842321047,0.0303772426437072,"french",14.861842321047
"24","314768","p","MAU","patte",0.506337722445465,0.0277747129735937,0.0548541255023423,"french",27.7747129735937
"25","314767","t","MAU","teller",0.550541787456946,0.0647783653846153,0.117662940144541,"english",64.7783653846153
"26","314767","t","MAU","tacky",0.69503975315729,0.0550397531572904,0.0791893598995835,"english",55.0397531572904
"27","314767","p","MAU","penny",0.417816846280144,0.0155053327646081,0.0371103580495934,"english",15.5053327646081
"28","314767","p","MAU","pass",0.505384343171104,0.0170692594718714,0.0337748086234093,"english",17.0692594718714
"29","314767","p","MAU","parrot",0.792286285306391,0.0179241902091882,0.0226233755923929,"english",17.9241902091882
"30","314767","k","MAU","kitten",0.617963544058554,0.0583327568886338,0.0943951426414673,"english",58.3327568886338
"31","314767","k","MAU","kennel",0.599092673650976,0.0770543197474167,0.128618364297187,"english",77.0543197474167
"32","314767","k","MAU","cabbage",0.602348970292767,0.0323489702927669,0.0537046992494134,"english",32.3489702927669
"33","314767","t","MAU","tir",0.807127250135049,0.0273694529940103,0.0339097124888681,"french",27.3694529940103
"34","314767","t","MAU","terre",0.591136064035496,0.0497570281675491,0.0841718703945652,"french",49.7570281675491
"35","314767","t","MAU","tasse",0.484404489627258,0.0256774070957145,0.0530081938659836,"french",25.6774070957145
"36","314767","k","MAU","quitte",0.4721467110672,0.076761337543054,0.16257941809983,"french",76.761337543054
"37","314767","k","MAU","quelle",0.39463750717566,0.0504515355912744,0.127842728260539,"french",50.4515355912744
"38","314767","p","MAU","pile",0.423943160568492,0.0168348737083811,0.0397102141848595,"french",16.8348737083811
"39","314767","p","MAU","pere",0.50923874282434,0.0147663030998851,0.0289968179129268,"french",14.7663030998851
"40","314767","p","MAU","patte",0.4650540815155,0.0236729621125144,0.0509036756227789,"french",23.6729621125144
"41","314767","t","MAU","tiro",0.411922997990815,0.0179305109070036,0.043528792989129,"spanish",17.9305109070036
"42","314767","t","MAU","tema",0.416319446039035,0.0238968656037495,0.0574003108216781,"spanish",23.8968656037495
"43","314767","t","MAU","talla",0.397069259471871,0.0225010332950631,0.0566677796336866,"spanish",22.5010332950631
"44","314767","k","MAU","quiso",0.57173227022393,0.0642363593929186,0.112353915877023,"spanish",64.2363593929186
"45","314767","k","MAU","queja",0.591186348306544,0.0511863483065443,0.0865824260880987,"spanish",51.1863483065443
"46","314767","p","MAU","piso",0.302810613703538,0.0180477037887485,0.0596006314574491,"spanish",18.0477037887485
"47","314767","p","MAU","pena",0.650785020809414,0.0207850208094145,0.0319383823302557,"spanish",20.7850208094145
"48","314767","p","MAU","pato",0.35369947285681,0.0133599885189437,0.0377721471028381,"spanish",13.3599885189437
"49","314767","k","MAU","cama",0.528291396383467,0.0439473306544202,0.083187670583453,"spanish",43.9473306544202
"50","314763","t","MAU","tipping",0.682983765068886,0.0878946613088405,0.128692167814524,"english",87.8946613088405
"51","314763","t","MAU","teller",0.621122793053961,0.110747273249139,0.178301737575291,"english",110.747273249139
"52","314763","t","MAU","tacky",0.558257444747417,0.0773473019517796,0.138551312982087,"english",77.3473019517796
"53","314763","p","MAU","penny",0.456044051377727,0.00878946613088405,0.0192732831495789,"english",8.78946613088405
"54","314763","p","MAU","pass",0.54791401887084,0.0125013579596093,0.0228162768774789,"english",12.5013579596093
"55","314763","p","MAU","parrot",0.444959787600459,0.0149597876004592,0.033620538343775,"english",14.9597876004592
"56","314763","k","MAU","kitten",0.796968782290471,0.102162894661309,0.128189330537759,"english",102.162894661309
"57","314763","k","MAU","kennel",0.683702719575201,0.0922893943742824,0.134984682277736,"english",92.2893943742824
"58","314763","k","MAU","cabbage",0.740015337973594,0.084818348163031,0.11461701374365,"english",84.818348163031
"59","314763","t","MAU","tiro",0.411604607176472,0.014261226092604,0.0346478777058237,"spanish",14.261226092604
"60","314763","t","MAU","tema",0.371335821184163,0.0144910160734787,0.0390240188174356,"spanish",14.4910160734787
"61","314763","t","MAU","talla",0.412527805683123,0.0131841991963261,0.0319595407017323,"spanish",13.1841991963261
"62","314763","k","MAU","quiso",0.479003860505166,0.0453536452353616,0.0946832561798787,"spanish",45.3536452353616
"63","314763","k","MAU","queja",0.462523887772675,0.0370329506314581,0.0800671092033614,"spanish",37.0329506314581
"64","314763","p","MAU","piso",0.433427202927669,0.0114263059701493,0.0263626876508166,"spanish",11.4263059701493
"65","314763","p","MAU","pena",0.383158176664753,0.0168757749712973,0.0440438857867906,"spanish",16.8757749712973
"66","314763","p","MAU","pato",0.419189186280138,0.00820350172215845,0.0195699268746789,"spanish",8.20350172215845
"67","314763","k","MAU","cama",0.400556666188289,0.0279505022962113,0.0697791465117513,"spanish",27.9505022962113
"68","314763","t","MAU","tir",0.366412575344432,0.0566041618828932,0.154482039350546,"french",56.6041618828932
"69","314763","t","MAU","terre",0.415205087543054,0.0279505022962112,0.0673173405981277,"french",27.9505022962112
"70","314763","t","MAU","tasse",0.64955983783008,0.0152936710677382,0.0235446685232698,"french",15.2936710677382
"71","314763","k","MAU","quitte",0.450322510045924,0.0492210103329507,0.109301687645885,"french",49.2210103329507
"72","314763","k","MAU","quelle",0.525478767221584,0.0354787672215844,0.0675170329130039,"french",35.4787672215844
"73","314763","p","MAU","pile",0.552794789777016,0.0820350172215843,0.148400489184558,"french",82.0350172215844
"74","314763","p","MAU","pere",0.595140689580941,0.0194833165901263,0.0327373290571766,"french",19.4833165901263
"75","314763","p","MAU","patte",0.738038919436469,0.0134369039029727,0.0182062267302007,"french",13.4369039029727
"76","314761","t","MAU","tiro",0.223138418484501,0.0467599598163031,0.209555844905081,"spanish",46.7599598163031
"77","314761","t","MAU","tema",0.281296574322706,0.0377689717122459,0.1342674428339,"spanish",37.7689717122459
"78","314761","t","MAU","talla",0.374055708944295,0.0195252259717477,0.0521987113279305,"spanish",19.5252259717477
"79","314761","k","MAU","quiso",0.296302989228078,0.0656280137772676,0.221489543349664,"spanish",65.6280137772676
"80","314761","k","MAU","queja",0.341265766861007,0.145457371585642,0.426229014775116,"spanish",145.457371585642
"81","314761","p","MAU","piso",0.27457278661255,0.0383220723306544,0.13956981244733,"spanish",38.3220723306544
"82","314761","k","MAU","cama",0.239584253013777,0.0464083811710677,0.193703803932385,"spanish",46.4083811710677
"83","314761","t","MAU","tipping",0.542760063863375,0.080423615097589,0.148175262795004,"english",80.423615097589
"84","314761","t","MAU","teller",0.287022109027964,0.0500822438971008,0.174489150214632,"english",50.0822438971008
"85","314761","t","MAU","tacky",0.326968782290471,0.0715462543053961,0.218816774507348,"english",71.5462543053961
"86","314761","p","MAU","penny",0.422994449626866,0.0788415111940298,0.186388996979932,"english",78.8415111940298
"87","314761","p","MAU","parrot",0.270776173220436,0.0235850674512055,0.0871017090266842,"english",23.5850674512055
"88","314761","k","MAU","kitten",0.407124595927184,0.112648914840972,0.276693955530803,"english",112.648914840972
"89","314761","k","MAU","kennel",0.444783693803638,0.0841151908725604,0.189114826025289,"english",84.1151908725604
"90","314761","k","MAU","cabbage",0.496640929965557,0.0466409299655568,0.093912779135605,"english",46.6409299655568
"91","314761","t","MAU","tir",0.396632960853007,0.0310049870838117,0.0781704753360179,"french",31.0049870838117
"92","314761","t","MAU","terre",0.238630392508611,0.0418378587830081,0.175324938048276,"french",41.8378587830081
"93","314761","t","MAU","tasse",0.453129337686567,0.0348062858783008,0.0768131369643881,"french",34.8062858783008
"94","314761","k","MAU","quitte",0.358194837764712,0.063646880566069,0.177687877813239,"french",63.646880566069
"95","314761","k","MAU","quelle",0.347964803155634,0.064523120473737,0.185430020187639,"french",64.523120473737
"96","314761","p","MAU","pile",0.400478097343169,0.0545685981493597,0.13625863314717,"french",54.5685981493597
"97","314761","p","MAU","pere",0.457776167083798,0.0201727557810817,0.0440668545712843,"french",20.1727557810817
"98","314761","p","MAU","patte",0.433349303960965,0.0362126004592422,0.0835644597285524,"french",36.2126004592422
"99","314760","t","MAU","tir",0.363710878300804,0.113208323765786,0.311259108593828,"french",113.208323765786
"100","314760","t","MAU","terre",0.620705453501722,0.0951606199770379,0.153310429995721,"french",95.1606199770379
"101","314760","t","MAU","tasse",0.66806516934558,0.0549634615384617,0.0822726046207476,"french",54.9634615384617
"102","314760","k","MAU","quitte",0.734149602286946,0.151131914436064,0.205859832880483,"french",151.131914436064
"103","314760","k","MAU","quelle",0.392527372731415,0.0832069460390357,0.211977436019397,"french",83.2069460390357
"104","314760","p","MAU","pile",0.529607979334099,0.06797187141217,0.128343744929286,"french",67.97187141217
"105","314760","p","MAU","pere",0.638482077868632,0.096322244023555,0.1508613121062,"french",96.322244023555
"106","314760","p","MAU","patte",0.552612577521168,0.0182820895522388,0.0330830138435248,"french",18.2820895522388
"107","314760","t","MAU","tema",0.330976607347876,0.0236729621125142,0.0715245778310627,"spanish",23.6729621125142
"108","314760","t","MAU","talla",0.372246166466061,0.0292756420604932,0.0786459195494826,"spanish",29.2756420604932
"109","314760","k","MAU","quiso",0.454132662730131,0.0632841561423649,0.139351694638999,"spanish",63.2841561423649
"110","314760","p","MAU","piso",0.393866676234213,0.0576588978185991,0.146391917107281,"spanish",57.6588978185991
"111","314760","p","MAU","pena",0.345489895260444,0.0291489009274217,0.0843697639997492,"spanish",29.1489009274217
"112","314760","p","MAU","pato",0.388983409873708,0.027188748564868,0.0698969361538976,"spanish",27.188748564868
"113","314760","k","MAU","cama",0.371908578501722,0.036710670206659,0.0987088556939242,"spanish",36.710670206659
"114","314760","t","MAU","tipping",0.598045866819747,0.0937543053960964,0.156767750765769,"english",93.7543053960964
"115","314760","t","MAU","teller",0.463615040183697,0.115903760045924,0.25,"english",115.903760045924
"116","314760","t","MAU","tacky",0.592754098814048,0.104669174203586,0.176581105745204,"english",104.669174203586
"117","314760","p","MAU","pass",0.296818556257176,0.106818556257176,0.35987829603424,"english",106.818556257176
"118","314760","p","MAU","parrot",0.394620500861079,0.0746205008610792,0.189094334172335,"english",74.6205008610792
"119","314760","k","MAU","kitten",0.483984098737084,0.103598507462686,0.214053535504613,"english",103.598507462686
"120","314760","k","MAU","kennel",0.653965944316877,0.103012543053961,0.157519736232697,"english",103.012543053961
"121","314760","k","MAU","cabbage",0.692675674512055,0.108262308606669,0.156295814318776,"english",108.262308606669
"122","314759","t","MAU","tipping",0.535025792910448,0.0960395665901262,0.179504554477061,"english",96.0395665901262
"123","314759","t","MAU","teller",0.375548966704937,0.11672411021814,0.310809296700445,"english",116.72411021814
"124","314759","t","MAU","tacky",0.449933015212399,0.0752964265212399,0.16735030321279,"english",75.2964265212399
"125","314759","p","MAU","penny",0.392300139925373,0.0723001399253731,0.18429802227225,"english",72.3001399253731
"126","314759","p","MAU","pass",0.561041895737838,0.126003777985075,0.22458889245582,"english",126.003777985075
"127","314759","p","MAU","parrot",0.401251819410352,0.113950609065112,0.283987769158441,"english",113.950609065112
"128","314759","k","MAU","kitten",0.4300538182004,0.104420232523017,0.242807360622849,"english",104.420232523017
"129","314759","k","MAU","kennel",0.375105116245695,0.108672671498278,0.289712581331727,"english",108.672671498278
"130","314759","k","MAU","cabbage",0.652438242680827,0.0924382426808267,0.141681214609683,"english",92.4382426808267
"131","314759","t","MAU","tiro",0.284277080941447,0.0239073478760046,0.0840987525157853,"spanish",23.9073478760046
"132","314759","t","MAU","tema",0.38946831587256,0.11854059988519,0.304365194944324,"spanish",118.54059988519
"133","314759","t","MAU","talla",0.287744037026406,0.0253136624569461,0.0879728480858947,"spanish",25.3136624569461
"134","314759","k","MAU","quiso",0.429092214408726,0.0881876435132033,0.205521425353109,"spanish",88.1876435132033
"135","314759","k","MAU","queja",0.366981482743001,0.0401164778896946,0.109314719614309,"spanish",40.1164778896946
"136","314759","p","MAU","piso",0.389706558553387,0.0196884041331802,0.0505211003024036,"spanish",19.6884041331802
"137","314759","p","MAU","pena",0.306484432564881,0.0180214965445846,0.0588006914209896,"spanish",18.0214965445846
"138","314759","p","MAU","pato",0.390013501004592,0.0196884041331803,0.0504813399599427,"spanish",19.6884041331803
"139","314759","k","MAU","cama",0.356680453501722,0.0541431113662457,0.151797248306415,"spanish",54.1431113662457
"140","314759","t","MAU","tir",0.3504147065155,0.0544946900114811,0.155514848544379,"french",54.4946900114811
"141","314759","t","MAU","terre",0.447266633180253,0.12152901836969,0.271714922048998,"french",121.52901836969
"142","314759","t","MAU","tasse",0.574576553530425,0.07884151119403,0.13721672196611,"french",78.84151119403
"143","314759","k","MAU","quitte",0.360864986366246,0.079896247129736,0.221402048268125,"french",79.896247129736
"144","314759","k","MAU","quelle",0.430387826492537,0.0914104477611941,0.212390876633633,"french",91.4104477611941
"145","314759","p","MAU","pile",0.465685447761194,0.0424238231917337,0.0910997399547017,"french",42.4238231917337
"146","314759","p","MAU","pere",0.427306920924225,0.0383513705510906,0.0897513442285002,"french",38.3513705510906
"147","314759","p","MAU","patte",0.43922840773877,0.0242589265212401,0.0552307776405665,"french",24.2589265212401
"148","314755","t","MAU","tiro",0.338329312571757,0.0108989380022961,0.0322139926908774,"spanish",10.8989380022961
"149","314755","t","MAU","tema",0.373273381721655,0.0115744181486359,0.0310078851464067,"spanish",11.5744181486359
"150","314755","t","MAU","talla",0.395209511337543,0.0166999856486797,0.042256031723934,"spanish",16.6999856486797
"151","314755","k","MAU","quiso",0.386757663605052,0.0440645235361653,0.113933161984252,"spanish",44.0645235361653
"152","314755","k","MAU","queja",0.375267648536165,0.0279505022962113,0.0744815131419932,"spanish",27.9505022962113
"153","314755","p","MAU","piso",0.412409258578681,0.0123052525832377,0.0298374789781545,"spanish",12.3052525832377
"154","314755","p","MAU","pena",0.359508696900114,0.0142975315729046,0.0397696403346732,"spanish",14.2975315729046
"155","314755","p","MAU","pato",0.400585045924225,0.0168757749712973,0.0421278206538183,"spanish",16.8757749712973
"156","314755","k","MAU","cama",0.343348844718714,0.0292982204362802,0.085330767488915,"spanish",29.2982204362802
"157","314755","t","MAU","tir",0.306237245636109,0.0381543484889723,0.124590816540682,"french",38.1543484889723
"158","314755","t","MAU","terre",0.306204856474838,0.0214330330609789,0.069995731967563,"french",21.4330330609789
"159","314755","t","MAU","tasse",0.569222908295063,0.01819419489093,0.0319632162124769,"french",18.19419489093
"160","314755","k","MAU","quitte",0.591977913032522,0.0973573478642697,0.164461115391177,"french",97.3573478642698
"161","314755","k","MAU","quelle",0.367772416762342,0.0257824339839265,0.0701043167154849,"french",25.7824339839265
"162","314755","p","MAU","pile",0.546644541727421,0.0529244550627874,0.0968169459728689,"french",52.9244550627874
"163","314755","p","MAU","pere",0.604272886768083,0.0677667838691159,0.112145994554815,"french",67.7667838691159
"164","314755","p","MAU","patte",0.543051306463532,0.0338585783937331,0.062348765191686,"french",33.8585783937331
"165","314755","t","MAU","tipping",0.500909649071133,0.0131193831149455,0.0261911167797897,"english",13.1193831149455
"166","314755","t","MAU","tacky",0.546983131456035,0.0686021868009704,0.125419200073603,"english",68.6021868009704
"167","314755","p","MAU","pass",0.544360078623816,0.0515874494619326,0.0947671430872551,"english",51.5874494619326
"168","314755","p","MAU","parrot",0.360763655716593,0.0310414829266968,0.0860438196442998,"english",31.0414829266968
"169","314755","k","MAU","kitten",0.430334329712794,0.0896525545350172,0.208332332200527,"english",89.6525545350172
"170","314755","k","MAU","kennel",0.569606081371986,0.120239896670494,0.211093070461743,"english",120.239896670494
"171","314755","k","MAU","cabbage",0.834952011274936,0.117778846153846,0.141060617332969,"english",117.778846153846
"172","314753","t","MAU","tipping",0.599258696900115,0.0562525832376578,0.093870282615246,"english",56.2525832376578
"173","314753","t","MAU","teller",0.489648880597015,0.0628153846153846,0.128286588828296,"english",62.8153846153846
"174","314753","t","MAU","tacky",0.555633322330655,0.0624052095292766,0.112313655465285,"english",62.4052095292766
"175","314753","p","MAU","penny",0.424739583333333,0.0166999856486797,0.0393181758987922,"english",16.6999856486797
"176","314753","p","MAU","pass",0.570796356558554,0.0565455654420208,0.0990643419361423,"english",56.5455654420208
"177","314753","p","MAU","parrot",0.410067931590564,0.0453536452353617,0.11060032190141,"english",45.3536452353617
"178","314753","k","MAU","kitten",0.486909726607348,0.0785778272101033,0.161380689101472,"english",78.5778272101033
"179","314753","k","MAU","kennel",0.546645630022963,0.07374597804248,0.134906370767808,"english",73.7459780424799
"180","314753","t","MAU","tiro",0.51369019804822,0.0172273536165327,0.0335364655233612,"spanish",17.2273536165327
"181","314753","t","MAU","tema",0.417538030998852,0.0128912169919633,0.0308743540345879,"spanish",12.8912169919633
"182","314753","t","MAU","talla",0.497846351176809,0.0156745479334099,0.0314847098835986,"spanish",15.6745479334099
"183","314753","k","MAU","quiso",0.489238234473755,0.0803886295198886,0.164313873804973,"spanish",80.3886295198886
"184","314753","k","MAU","queja",0.422807057261768,0.0364326729861576,0.0861685545698009,"spanish",36.4326729861576
"185","314753","p","MAU","piso",0.412372466991963,0.0144147244546498,0.0349555938101238,"spanish",14.4147244546498
"186","314753","p","MAU","pena",0.452572671498278,0.0143561280137773,0.0317211553367776,"spanish",14.3561280137773
"187","314753","p","MAU","pato",0.48161025401837,0.0120122703788748,0.0249418908311213,"spanish",12.0122703788748
"188","314753","k","MAU","cama",0.385502493541906,0.0193368254879449,0.0501600529487701,"spanish",19.3368254879449
"189","314753","t","MAU","tir",0.265063020235362,0.0290052382319173,0.109427705932582,"french",29.0052382319173
"190","314753","t","MAU","tasse",0.521786656859931,0.0184578788748566,0.0353743788427527,"french",18.4578788748566
"191","314753","k","MAU","quitte",0.509706263801736,0.0586159730195178,0.114999514783907,"french",58.6159730195178
"192","314753","p","MAU","pile",0.766899449268078,0.016992049368542,0.0221568151923425,"french",16.992049368542
"193","314753","p","MAU","pere",0.314076187571756,0.0131841991963261,0.0419777102436774,"french",13.1841991963261
"194","314753","p","MAU","patte",0.590922664322618,0.0215341920206659,0.0364416417254038,"french",21.5341920206659
"195","314752","t","MAU","tir",0.397509285304248,0.0966841274397245,0.243224827731317,"french",96.6841274397245
"196","314752","t","MAU","terre",0.359491704936854,0.0213291044776118,0.0593312841011404,"french",21.3291044776118
"197","314752","t","MAU","tasse",0.510029298220436,0.0321694460390357,0.0630737217475141,"french",32.1694460390357
"198","314752","k","MAU","quitte",0.46,0.108196468354037,0.235209713813125,"french",108.196468354037
"199","314752","k","MAU","quelle",0.489537718857635,0.0895377188576348,0.182902594444768,"french",89.5377188576348
"200","314752","p","MAU","pile",0.355961039753157,0.0131256027554535,0.0368737060790571,"french",13.1256027554535
"201","314752","p","MAU","pere",0.319241399971297,0.0216220866819747,0.0677295823283533,"french",21.6220866819747
"202","314752","p","MAU","patte",0.53543706772271,0.011739148806641,0.021924423082192,"french",11.739148806641
"203","314752","t","MAU","tiro",0.384980238231917,0.0255480482204363,0.0663619731178145,"spanish",25.5480482204363
"204","314752","t","MAU","tema",0.480765305683123,0.0225075586453432,0.0468161041973734,"spanish",22.5075586453432
"205","314752","k","MAU","quiso",0.618526011768083,0.0638701205510908,0.103261818154608,"spanish",63.8701205510908
"206","314752","k","MAU","queja",0.460601302382319,0.0588015284156143,0.127662531806752,"spanish",58.8015284156143
"207","314752","p","MAU","piso",0.556685711098695,0.0164070034443169,0.0294726505768137,"spanish",16.4070034443169
"208","314752","p","MAU","pena",0.394184073622273,0.0168464767508607,0.0427375885485516,"spanish",16.8464767508607
"209","314752","p","MAU","pato",0.559510777841561,0.00902385189437416,0.0161281109350309,"spanish",9.02385189437416
"210","314752","t","MAU","tipping",0.776348611107444,0.0379557564450774,0.0488900938341789,"english",37.9557564450774
"211","314752","t","MAU","teller",0.537787295493685,0.0225857562810519,0.0419975638515564,"english",22.5857562810519
"212","314752","t","MAU","tacky",0.467538030998852,0.0150006888633755,0.0320844249425611,"english",15.0006888633755
"213","314752","p","MAU","penny",0.444994179088594,0.0201675263035397,0.0453208766569608,"english",20.1675263035397
"214","314752","p","MAU","pass",0.476381074196326,0.0135357778415615,0.0284137606944123,"english",13.5357778415615
"215","314752","p","MAU","parrot",0.635873927238805,0.0192782290470723,0.0303176906950492,"english",19.2782290470723
"216","314752","k","MAU","kitten",0.518086768082664,0.0703157290470724,0.135721916441327,"english",70.3157290470724
"217","314752","k","MAU","kennel",0.495664322617681,0.0510960964408727,0.103086088930158,"english",51.0960964408726
"218","314752","k","MAU","cabbage",0.530492038435168,0.0297376937428244,0.0560568144067608,"english",29.7376937428244
"219","314748","t","MAU","teller",0.692305711825488,0.0623057118254882,0.0899973967587224,"english",62.3057118254882
"220","314748","t","MAU","tacky",0.357377120407578,0.017666826923077,0.0494346893358156,"english",17.666826923077
"221","314748","p","MAU","penny",0.331426456199546,0.0121197196681714,0.036568353073402,"english",12.1197196681714
"222","314748","p","MAU","pass",0.596336479886087,0.0123052525832377,0.0206347473251817,"english",12.3052525832377
"223","314748","p","MAU","parrot",0.664150351607348,0.0141503516073479,0.0213059461206364,"english",14.1503516073479
"224","314748","k","MAU","kitten",0.490522255309988,0.0488108352468427,0.0995078912698801,"english",48.8108352468427
"225","314748","k","MAU","kennel",0.529697710964409,0.0416620694603904,0.0786525382270149,"english",41.6620694603904
"226","314748","k","MAU","cabbage",0.620445302633467,0.0223545421928818,0.0360298355036269,"english",22.3545421928818
"227","314748","t","MAU","tir",0.609154166666667,0.010664552238806,0.0175071481447187,"french",10.664552238806
"228","314748","t","MAU","terre",0.617459443168772,0.0154694603903559,0.0250534032016215,"french",15.4694603903559
"229","314748","t","MAU","tasse",0.580451338949269,0.00843788748564867,0.0145367697849106,"french",8.43788748564867
"230","314748","k","MAU","quitte",0.451520816822618,0.0561283899929462,0.124309639559756,"french",56.1283899929462
"231","314748","k","MAU","quelle",0.689331171533975,0.0368196596556829,0.0534136002782926,"french",36.8196596556829
"232","314748","p","MAU","pile",0.436483798291296,0.0200399827784157,0.0459123176091902,"french",20.0399827784157
"233","314748","p","MAU","pere",0.492605620514831,0.0134880534782735,0.0273810385358107,"french",13.4880534782735
"234","314748","p","MAU","patte",0.437495676664753,0.0175533689724454,0.0401223827084726,"french",17.5533689724454
"235","314748","t","MAU","tiro",0.530732003127813,0.0163628919628982,0.030830799474057,"spanish",16.3628919628982
"236","314748","t","MAU","tema",0.363876671928818,0.0133599885189437,0.0367157049341081,"spanish",13.3599885189437
"237","314748","t","MAU","talla",0.652627537948178,0.0131067481564733,0.020083044913612,"spanish",13.1067481564733
"238","314748","k","MAU","quiso",0.501787421067738,0.0577174942594718,0.11502379660426,"spanish",57.7174942594718
"239","314748","p","MAU","piso",0.313157258180253,0.0156632079269594,0.0500170681592304,"spanish",15.6632079269594
"240","314748","p","MAU","pena",0.368482300581183,0.0184823005811825,0.0501579059619189,"spanish",18.4823005811825
"241","314748","p","MAU","pato",0.454382235341796,0.0103127267787686,0.0226961486973872,"spanish",10.3127267787686
"242","314748","k","MAU","cama",0.383549278846154,0.0174324411595868,0.045450329647417,"spanish",17.4324411595868
"243","314747","t","MAU","tir",0.381356854129055,0.0517992537313434,0.135828825863489,"french",51.7992537313434
"244","314747","t","MAU","terre",0.437671465987371,0.0677667838691159,0.154834822773371,"french",67.7667838691159
"245","314747","t","MAU","tasse",0.571004987083812,0.0395525975889782,0.0692683925423802,"french",39.5525975889782
"246","314747","k","MAU","quitte",0.415824028168054,0.0826502798507461,0.198762635759334,"french",82.6502798507461
"247","314747","k","MAU","quelle",0.537251539179105,0.08112677238806,0.15100333172059,"french",81.12677238806
"248","314747","p","MAU","pile",0.614955869690011,0.0911845882428974,0.148278263103435,"french",91.1845882428974
"249","314747","p","MAU","pere",0.53807741481368,0.0312337395373793,0.0580469253633227,"french",31.2337395373793
"250","314747","p","MAU","patte",0.562466723884945,0.0390688781676465,0.0694598924853699,"french",39.0688781676465
"251","314747","t","MAU","tipping",0.654813755740528,0.04599820608496,0.0702462428159296,"english",45.99820608496
"252","314747","t","MAU","tacky",0.527085056687715,0.0370850566877152,0.0703587707850484,"english",37.0850566877152
"253","314747","p","MAU","penny",0.528073878300799,0.0212289089365887,0.0402006420103522,"english",21.2289089365887
"254","314747","p","MAU","pass",0.306860606470098,0.0213381970873788,0.0695371013335273,"english",21.3381970873788
"255","314747","p","MAU","parrot",0.30209062858783,0.0474975225435497,0.157229381015837,"english",47.4975225435497
"256","314747","k","MAU","kitten",0.462272967137215,0.06675946699526,0.144415684543899,"english",66.75946699526
"257","314747","k","MAU","kennel",1.25355950416188,0.023559504161883,0.0187940852298309,"english",23.559504161883
"258","314747","k","MAU","cabbage",0.527119008323766,0.047170134902411,0.0894866892628509,"english",47.170134902411
"259","314747","t","MAU","tiro",0.439496817594719,0.0414276836969001,0.0942616238352437,"spanish",41.4276836969001
"260","314747","t","MAU","tema",0.432222531572905,0.0315193742824342,0.0729239500026336,"spanish",31.5193742824342
"261","314747","t","MAU","talla",0.457133427812859,0.0371334278128588,0.0812310488658039,"spanish",37.1334278128588
"262","314747","k","MAU","quiso",0.348516016073479,0.0684406429391504,0.196377324951175,"spanish",68.4406429391504
"263","314747","k","MAU","queja",0.451602554535017,0.0489866245694603,0.108472868626481,"spanish",48.9866245694603
"264","314747","p","MAU","piso",0.382945883292177,0.0327684189438309,0.0855693202969609,"spanish",32.7684189438309
"265","314747","p","MAU","pena",0.546848416215345,0.0256489942474043,0.0469032980380873,"spanish",25.6489942474043
"266","314747","p","MAU","pato",0.513396179474046,0.0187080973014269,0.0364398841467667,"spanish",18.7080973014269
"267","314747","k","MAU","cama",0.519207026456334,0.0431843441945654,0.0831736513454085,"spanish",43.1843441945654
"268","314744","t","MAU","tir",0.365655113039313,0.0232041905855339,0.0634592263531102,"french",23.2041905855339
"269","314744","t","MAU","terre",0.307406877870264,0.0188973521814007,0.0614734202185808,"french",18.8973521814007
"270","314744","t","MAU","tasse",0.332671709959816,0.0467599598163031,0.140558870551245,"french",46.7599598163031
"271","314744","k","MAU","quitte",0.337194304163756,0.070375152879961,0.208708012000653,"french",70.375152879961
"272","314744","k","MAU","quelle",0.340605955797933,0.0442989092996556,0.130059115366544,"french",44.2989092996556
"273","314744","p","MAU","pere",0.539328257144984,0.029181027554535,0.0541062463684161,"french",29.181027554535
"274","314744","t","MAU","tipping",0.585148019773392,0.042120536994977,0.0719827044980667,"english",42.120536994977
"275","314744","t","MAU","teller",0.390805012198622,0.0334878659586682,0.0856894484803802,"english",33.4878659586682
"276","314744","t","MAU","tacky",0.564957937141217,0.0325210246842709,0.0575636211942304,"english",32.5210246842709
"277","314744","p","MAU","penny",0.526624730051665,0.0292917300516649,0.0556216379143288,"english",29.2917300516649
"278","314744","p","MAU","pass",0.490734607541908,0.0702854747335337,0.143225021535763,"english",70.2854747335337
"279","314744","p","MAU","parrot",0.46118215413318,0.036915757749713,0.0800459372047871,"english",36.915757749713
"280","314744","k","MAU","kitten",0.507729617537313,0.0677296175373134,0.133397019196612,"english",67.7296175373134
"281","314744","k","MAU","kennel",0.568961520522388,0.0742709888059702,0.130537806384127,"english",74.2709888059702
"282","314744","k","MAU","cabbage",0.60343484141791,0.0757944962686567,0.125605104422807,"english",75.7944962686567
"283","314744","t","MAU","tiro",0.313142838691159,0.0189852468427094,0.0606280728694352,"spanish",18.9852468427094
"284","314744","t","MAU","tema",0.445614573765787,0.0103715700344431,0.0232747550126006,"spanish",10.3715700344431
"285","314744","t","MAU","talla",0.380672481343283,0.0174031429391504,0.0457168400451214,"spanish",17.4031429391503
"286","314744","k","MAU","quiso",0.520325280245135,0.0506693890281428,0.0973802176290022,"spanish",50.6693890281428
"287","314744","k","MAU","queja",0.453679488166865,0.0232505789860584,0.0512489094007856,"spanish",23.2505789860584
"288","314744","p","MAU","piso",0.451303579902995,0.0154848370786544,0.0343113544146555,"spanish",15.4848370786544
"289","314744","p","MAU","pena",0.38939823837543,0.0125103401262916,0.0321273670330013,"spanish",12.5103401262916
"290","314744","k","MAU","cama",0.428964336969001,0.0263683983926521,0.0614699081489323,"spanish",26.3683983926521
"291","314727","t","MAU","tipping",0.528364871555683,0.0584499497703789,0.11062421617524,"english",58.4499497703789
"292","314727","t","MAU","teller",0.515245299942595,0.0752452999425947,0.146037819172689,"english",75.2452999425947
"293","314727","t","MAU","tacky",0.607891446613088,0.0932855338691159,0.153457552970786,"english",93.2855338691159
"294","314727","p","MAU","penny",0.45567454793341,0.0541431113662456,0.118819696232316,"english",54.1431113662456
"295","314727","p","MAU","pass",0.644944524253731,0.0717220436280138,0.11120653161759,"english",71.7220436280138
"296","314727","p","MAU","parrot",0.381230984500574,0.0557010172755922,0.146108316323141,"english",55.7010172755922
"297","314727","k","MAU","kitten",0.499287765499426,0.0767027411021814,0.153624315279301,"english",76.7027411021814
"298","314727","k","MAU","kennel",0.390841719288174,0.100841719288175,0.258011656155422,"english",100.841719288175
"299","314727","k","MAU","cabbage",0.648828989667049,0.0787536165327211,0.12137807925804,"english",78.7536165327211
"300","314727","t","MAU","tiro",0.4031044489093,0.0260168197474168,0.0645411377071421,"spanish",26.0168197474168
"301","314727","t","MAU","tema",0.416782308409874,0.0284192738231918,0.068187332450886,"spanish",28.4192738231918
"302","314727","t","MAU","talla",0.561508628731343,0.0202157721010333,0.0360026027502164,"spanish",20.2157721010333
"303","314727","k","MAU","quiso",0.513545773536165,0.0812146670493686,0.158144942933016,"spanish",81.2146670493686
"304","314727","k","MAU","queja",0.409873500287026,0.031993656716418,0.0780573925711553,"spanish",31.993656716418
"305","314727","p","MAU","piso",0.457861918771527,0.0195126148105625,0.042616810899924,"spanish",19.5126148105625
"306","314727","p","MAU","pena",0.420472965700344,0.0182527913318025,0.043410142436626,"spanish",18.2527913318025
"307","314727","p","MAU","pato",0.420336699913892,0.0133306902985074,0.0317143145036783,"spanish",13.3306902985074
"308","314727","k","MAU","cama",0.429776556891953,0.0307884936026307,0.071638373729098,"spanish",30.7884936026307
"309","314727","t","MAU","tir",0.370196675611831,0.0350113734213547,0.0945750616574036,"french",35.0113734213547
"310","314727","t","MAU","terre",0.483017487083812,0.0233799799081515,0.0484040030295937,"french",23.3799799081515
"311","314727","t","MAU","tasse",0.69327186423651,0.036505582663605,0.0526569511136993,"french",36.505582663605
"312","314727","k","MAU","quitte",0.48662277554535,0.0966227755453501,0.198557857134958,"french",96.6227755453502
"313","314727","k","MAU","quelle",0.629215438432836,0.102485175086108,0.162877718546391,"french",102.485175086108
"314","314727","p","MAU","pile",0.694312477508059,0.0990889574128071,0.142715219188405,"french",99.0889574128071
"315","314727","p","MAU","pere",0.591596982634902,0.0447090843857635,0.0755735504035781,"french",44.7090843857635
"316","314727","p","MAU","patte",0.414951399253732,0.0349513992537316,0.0842301033725633,"french",34.9513992537316
"317","313303","t","MAU","tiro",0.307475057405282,0.0316420780711826,0.102909414305679,"spanish",31.6420780711826
"318","313303","t","MAU","tema",0.435531332520092,0.0252676485361654,0.0580156848646468,"spanish",25.2676485361654
"319","313303","t","MAU","talla",0.326696189724455,0.0342789179104478,0.10492598012655,"spanish",34.2789179104478
"320","313303","k","MAU","quiso",0.498300703214696,0.057307319173364,0.115005495283583,"spanish",57.307319173364
"321","313303","k","MAU","queja",0.391210993111366,0.0377361079219288,0.0964597329482162,"spanish",37.7361079219288
"322","313303","p","MAU","piso",0.485789538954198,0.0164254818359433,0.0338119298972634,"spanish",16.4254818359433
"323","313303","p","MAU","pena",0.275648984644087,0.0228526119402985,0.0829047564597613,"spanish",22.8526119402985
"324","313303","p","MAU","pato",0.368415355912744,0.0180477037887486,0.0489873820379601,"spanish",18.0477037887486
"325","313303","k","MAU","cama",0.323353254881236,0.0350952901485226,0.108535447281682,"spanish",35.0952901485226
"326","313303","t","MAU","tipping",0.45609868326636,0.0537915327210103,0.117938364425394,"english",53.7915327210103
"327","313303","t","MAU","tacky",0.533349763203215,0.0672687141216992,0.126124953572106,"english",67.2687141216992
"328","313303","p","MAU","penny",0.29322635619977,0.0348648823191733,0.118900915903414,"english",34.8648823191733
"329","313303","p","MAU","pass",0.561119517795637,0.0872862806500169,0.155557377495835,"english",87.2862806500169
"330","313303","p","MAU","parrot",0.257279686452593,0.0169661829797374,0.0659445104806733,"english",16.9661829797374
"331","313303","k","MAU","kitten",0.414131268735949,0.0502182292881462,0.121261621807566,"english",50.2182292881462
"332","313303","k","MAU","kennel",0.445895007175661,0.0796325631458094,0.178590389809945,"english",79.6325631458094
"333","313303","k","MAU","cabbage",0.590541328214696,0.0456173292192883,0.0772466329447205,"english",45.6173292192883
"334","313303","t","MAU","tir",0.384185778884818,0.023486008802498,0.0611319056907081,"french",23.486008802498
"335","313303","t","MAU","terre",0.419003860505166,0.0544946900114811,0.13005772773974,"french",54.4946900114811
"336","313303","t","MAU","tasse",0.501053817451206,0.0260168197474165,0.051924202233925,"french",26.0168197474165
"337","313303","k","MAU","quitte",0.321298720341382,0.0902385189437429,0.280855519274599,"french",90.2385189437429
"338","313303","k","MAU","quelle",0.446854355909973,0.0539684332572131,0.120774101322817,"french",53.9684332572131
"339","313303","p","MAU","pile",0.523693061136625,0.0389666331802527,0.074407388739655,"french",38.9666331802527
"340","313303","p","MAU","pere",0.553241877152698,0.0360954075774971,0.0652434478808164,"french",36.0954075774971
"341","313303","p","MAU","patte",0.354418404456647,0.0184966865938749,0.0521888433593957,"french",18.4966865938749
"342","308427","t","MAU","tir",0.38496116532721,0.0384392652123996,0.0998523193364892,"french",38.4392652123996
"343","308427","t","MAU","terre",0.360366457376578,0.0500413605051665,0.138862425957902,"french",50.0413605051665
"344","308427","t","MAU","tasse",0.579054068599311,0.0773473019517796,0.13357526722656,"french",77.3473019517796
"345","308427","k","MAU","quitte",0.601178583012522,0.116548320895522,0.193866388771695,"french",116.548320895522
"346","308427","k","MAU","quelle",0.446929717996556,0.0730404635476464,0.1634271801729,"french",73.0404635476464
"347","308427","p","MAU","pile",0.488338475903224,0.0783375205265691,0.16041644144807,"french",78.3375205265691
"348","308427","p","MAU","pere",0.431930762893065,0.00954429861098233,0.0220968253037935,"french",9.54429861098233
"349","308427","p","MAU","patte",0.510023153573468,0.0375441178637023,0.0736125754304489,"french",37.5441178637023
"350","308427","t","MAU","tema",0.330185096153846,0.0177547215843857,0.0537720260278287,"spanish",17.7547215843857
"351","308427","k","MAU","queja",0.387383610792193,0.0371696756601607,0.0959505632779594,"spanish",37.1696756601607
"352","308427","p","MAU","piso",0.351412491118022,0.0143292713993083,0.0407762153067455,"spanish",14.3292713993083
"353","308427","p","MAU","pena",0.324159888059702,0.00949262342135476,0.029283769432961,"spanish",9.49262342135476
"354","308427","k","MAU","cama",0.322051409326006,0.0249751617375831,0.0775502327092792,"spanish",24.9751617375831
"355","308427","t","MAU","teller",0.52114912098163,0.0986178099885189,0.189231461817999,"english",98.6178099885189
"356","308427","t","MAU","tacky",0.567281755884041,0.0872817558840412,0.153859620865161,"english",87.2817558840412
"357","308427","p","MAU","penny",0.535874982060849,0.079368879161883,0.148110812818036,"english",79.368879161883
"358","308427","p","MAU","pass",0.628176585347481,0.124810419058554,0.198686837379514,"english",124.810419058554
"359","308427","p","MAU","parrot",0.683970628942129,0.0771129161882893,0.112743022763356,"english",77.1129161882893
"360","308427","k","MAU","kitten",0.457852382319173,0.0860195752009186,0.187876220639502,"english",86.0195752009186
"361","308427","k","MAU","kennel",0.53209688935132,0.109428853329506,0.205655878693279,"english",109.428853329506
"362","308427","k","MAU","cabbage",0.801286189724455,0.103957555970149,0.129738359781164,"english",103.957555970149
"363","308018","t","MAU","tipping",0.581962980769231,0.0414862801377727,0.0712868026123185,"english",41.4862801377727
"364","308018","t","MAU","tacky",0.5651955510907,0.0431269804822043,0.0763045292889849,"english",43.1269804822043
"365","308018","p","MAU","penny",0.426152167049369,0.0236729621125144,0.0555504909817152,"english",23.6729621125144
"366","308018","p","MAU","pass",0.614534431865317,0.0258987638968481,0.0421437149066435,"english",25.8987638968481
"367","308018","p","MAU","parrot",0.519942392920006,0.0259042402421732,0.0498213659722849,"english",25.9042402421732
"368","308018","k","MAU","kitten",0.518213727037887,0.0908244833524683,0.175264526224771,"english",90.8244833524683
"369","308018","k","MAU","kennel",0.417939817738232,0.032521024684271,0.0778126976756253,"english",32.521024684271
"370","308018","k","MAU","cabbage",0.42080396351553,0.0227061674138783,0.0539590150819488,"english",22.7061674138783
"371","308018","t","MAU","tiro",0.417438742580215,0.0173730533070519,0.0416182101346605,"spanish",17.3730533070519
"372","308018","t","MAU","tema",0.398177526799461,0.0129736288687433,0.0325825241143692,"spanish",12.9736288687433
"373","308018","t","MAU","talla",0.396243684708495,0.0166355152678028,0.041983042026376,"spanish",16.6355152678028
"374","308018","k","MAU","quiso",0.470903675479352,0.0287397120193662,0.0610309783420376,"spanish",28.7397120193662
"375","308018","k","MAU","queja",0.492425747981511,0.0333386713303995,0.0677029409348661,"spanish",33.3386713303995
"376","308018","p","MAU","piso",0.401982937303674,0.0137723040742088,0.0342609170592847,"spanish",13.7723040742088
"377","308018","p","MAU","pena",0.40622909189172,0.0113613971421291,0.0279679554441106,"spanish",11.3613971421291
"378","308018","p","MAU","pato",0.395066302433603,0.00909442503402058,0.0230199968410341,"spanish",9.09442503402058
"379","308018","k","MAU","cama",0.411177690750477,0.0210750862154333,0.0512554223867722,"spanish",21.0750862154333
"380","308018","t","MAU","terre",0.267239034655486,0.029284258055662,0.109580765749338,"french",29.284258055662
"381","308018","t","MAU","tasse",0.320056655933856,0.0191196835436038,0.0597384343963,"french",19.1196835436038
"382","308018","k","MAU","quitte",0.320667235466791,0.0561125712876869,0.174986918155216,"french",56.1125712876869
"383","308018","k","MAU","quelle",0.395333123241331,0.0300236924502618,0.0759452995086725,"french",30.0236924502618
"384","308018","p","MAU","pere",0.52690815260528,0.0112276690181388,0.0213085885322213,"french",11.2276690181388
"385","308018","p","MAU","patte",0.473969622228103,0.015804832511359,0.0333456655662053,"french",15.804832511359
"386","308010","t","MAU","tiro",0.250852028917911,0.033985935706085,0.13548200448164,"spanish",33.985935706085
"387","308010","t","MAU","tema",0.342465703932262,0.0246983998277841,0.0721193379196573,"spanish",24.6983998277841
"388","308010","t","MAU","talla",0.246303709816303,0.0191078055076807,0.0775782286102452,"spanish",19.1078055076807
"389","308010","k","MAU","queja",0.345089656556671,0.030680422430434,0.0889056563925022,"spanish",30.680422430434
"390","308010","p","MAU","piso",0.300447789100423,0.0122840146951197,0.0408856884315894,"spanish",12.2840146951197
"391","308010","p","MAU","pena",0.292557792766934,0.0134771814006889,0.0460667318864599,"spanish",13.4771814006889
"392","308010","p","MAU","pato",0.313754366389208,0.0151764781859931,0.0483705720517907,"spanish",15.1764781859931
"393","308010","k","MAU","cama",0.380845454219288,0.0433613662456946,0.113855543673438,"spanish",43.3613662456946
"394","308010","t","MAU","tir",0.334946745838117,0.0336636552812859,0.100504500191669,"french",33.6636552812859
"395","308010","t","MAU","terre",0.233114913866212,0.0226349985088964,0.0970980283221475,"french",22.6349985088964
"396","308010","t","MAU","tasse",0.501057423839862,0.0222493578813957,0.0444048063610901,"french",22.2493578813957
"397","308010","k","MAU","quitte",0.33303839695752,0.098090442020666,0.294531930602517,"french",98.090442020666
"398","308010","k","MAU","quelle",0.266267596497517,0.0720168167743989,0.270467821551356,"french",72.0168167743989
"399","308010","p","MAU","pile",0.379677661564001,0.0585603099438338,0.1542369116545,"french",58.5603099438338
"400","308010","p","MAU","pere",0.418389752851676,0.055509057725488,0.132673081372446,"french",55.509057725488
"401","308010","p","MAU","patte",0.314073222101636,0.0339028453453513,0.107945673045568,"french",33.9028453453513
"402","308010","t","MAU","tipping",0.562981889275088,0.092981889275088,0.165159645534627,"english",92.981889275088
"403","308010","t","MAU","tacky",0.413411276185976,0.0881469042765703,0.213218432476711,"english",88.1469042765704
"404","308010","p","MAU","pass",0.552142279261228,0.0664104705402232,0.120277821559112,"english",66.4104705402232
"405","308010","p","MAU","parrot",0.642332460613457,0.0685561775103428,0.106730052915072,"english",68.5561775103428
"406","308010","k","MAU","kennel",0.439961394948335,0.122349368541906,0.278091146056743,"english",122.349368541906
"407","308010","k","MAU","cabbage",0.649333302238806,0.0988521957520093,0.152236448386647,"english",98.8521957520093
"408","307996","t","MAU","tipping",0.569905176880023,0.0533022524397244,0.0935282826022577,"english",53.3022524397244
"409","307996","t","MAU","tacky",0.345943376518052,0.0211717747830166,0.0612001160308725,"english",21.1717747830166
"410","307996","p","MAU","penny",0.50546125265912,0.0445966482631648,0.0882296081619543,"english",44.5966482631648
"411","307996","p","MAU","parrot",0.494512199788586,0.0325493188940488,0.0658210634802625,"english",32.5493188940488
"412","307996","k","MAU","kitten",0.458281817011196,0.037527263619726,0.0818868701020472,"english",37.527263619726
"413","307996","k","MAU","kennel",0.427448470376693,0.0774484703766932,0.181187852440883,"english",77.4484703766932
"414","307996","k","MAU","cabbage",0.57792856951773,0.0421694002710109,0.0729664572668565,"english",42.1694002710109
"415","307996","t","MAU","tir",0.333583316590126,0.0524163032046907,0.157131069204803,"french",52.4163032046907
"416","307996","t","MAU","terre",0.353966265712364,0.0314034717208914,0.0887188265178077,"french",31.4034717208914
"417","307996","t","MAU","tasse",0.501835671820824,0.0422200306788367,0.0841311868597317,"french",42.2200306788367
"418","307996","k","MAU","quitte",0.443398334315731,0.134127851665105,0.302499674185959,"french",134.127851665105
"419","307996","k","MAU","quelle",0.389360849834941,0.0693608498349413,0.178140277494116,"french",69.3608498349413
"420","307996","p","MAU","pile",0.465712132844071,0.0167110112705011,0.0358827054138533,"french",16.7110112705011
"421","307996","p","MAU","pere",0.566820913461539,0.0298841848450058,0.0527224457236502,"french",29.8841848450058
"422","307996","p","MAU","patte",0.447285074626866,0.0574934916891011,0.1285388110414,"french",57.4934916891011
"423","307996","t","MAU","tiro",0.303158635907003,0.0188973521814008,0.0623348634778713,"spanish",18.8973521814008
"424","307996","t","MAU","tema",0.353078196307354,0.022071368580684,0.0625112760049077,"spanish",22.071368580684
"425","307996","t","MAU","talla",0.375723731644521,0.0242446638924483,0.0645279013554209,"spanish",24.2446638924483
"426","307996","k","MAU","quiso",0.386394732113144,0.0389395653999381,0.100776646687139,"spanish",38.9395653999381
"427","307996","k","MAU","queja",0.462022730876866,0.0419972668688502,0.0908987027308034,"spanish",41.9972668688502
"428","307996","p","MAU","piso",0.346730018279072,0.0134155415848627,0.0386916069495458,"spanish",13.4155415848627
"429","307996","p","MAU","pena",0.317812487696315,0.0208144777764077,0.0654929512911301,"spanish",20.8144777764077
"430","307996","p","MAU","pato",0.421879739523536,0.0255773464408726,0.06062710304543,"spanish",25.5773464408726
"431","307996","k","MAU","cama",0.415982223410711,0.0341123858836393,0.082004431833519,"spanish",34.1123858836393
"432","307986","t","MAU","tir",0.34263943324247,0.0295326061997705,0.0861914985099558,"french",29.5326061997705
"433","307986","t","MAU","terre",0.323356600602188,0.0361987555692611,0.111946858365804,"french",36.1987555692611
"434","307986","t","MAU","tasse",0.634908079793341,0.0344685393383013,0.0542890229866355,"french",34.4685393383013
"435","307986","k","MAU","quitte",0.365810757798558,0.0483036814272622,0.132045546495004,"french",48.3036814272622
"436","307986","k","MAU","quelle",0.336971857450632,0.0385533399590696,0.114411156619267,"french",38.5533399590696
"437","307986","p","MAU","pile",0.442773105625717,0.0323452353616532,0.0730514905957164,"french",32.3452353616532
"438","307986","p","MAU","pere",0.524099762787967,0.0167498522458045,0.0319592822494387,"french",16.7498522458045
"439","307986","t","MAU","tiro",0.351737442594719,0.0269389931769435,0.0765883580042494,"spanish",26.9389931769435
"440","307986","t","MAU","talla",0.383377942871274,0.0255107038661631,0.0665419185963151,"spanish",25.5107038661631
"441","307986","k","MAU","quiso",0.403562691571796,0.0454677414426348,0.112665869249575,"spanish",45.4677414426348
"442","307986","k","MAU","queja",0.355783231519772,0.0347085389387833,0.0975552973379931,"spanish",34.7085389387833
"443","307986","p","MAU","piso",0.392225746268657,0.0208603329506314,0.0531845070066946,"spanish",20.8603329506314
"444","307986","p","MAU","pena",0.468113039033051,0.0221286602652035,0.0472720441859795,"spanish",22.1286602652035
"445","307986","p","MAU","pato",0.342839244784577,0.0161543164452926,0.0471192160496189,"spanish",16.1543164452926
"446","307986","t","MAU","tipping",0.543560053545419,0.045377702740822,0.0834824090638043,"english",45.377702740822
"447","307986","t","MAU","teller",0.41,0.0644254090126292,0.157135143933242,"english",64.4254090126292
"448","307986","t","MAU","tacky",0.424582466591478,0.0252012368403821,0.0593553404187792,"english",25.2012368403821
"449","307986","p","MAU","parrot",0.385565973019518,0.0499241676234214,0.129482815178025,"english",49.9241676234214
"450","307986","k","MAU","kennel",0.416756279398014,0.0764049130024322,0.18333236181299,"english",76.4049130024322
"451","307986","k","MAU","cabbage",0.501061972134915,0.040875148061329,0.0815770310549989,"english",40.875148061329
"452","307983","t","MAU","tipping",0.341350047073584,0.043935700568563,0.128711570264093,"english",43.935700568563
"453","307983","t","MAU","teller",0.424296031859931,0.0785454609597436,0.185119480414262,"english",78.5454609597436
"454","307983","t","MAU","tacky",0.465789335257562,0.0818624273708066,0.17574989630353,"english",81.8624273708066
"455","307983","p","MAU","penny",0.454853771937781,0.0728891190515535,0.160247366403117,"english",72.8891190515535
"456","307983","p","MAU","pass",0.589508597737246,0.129657873488009,0.219942294286604,"english",129.657873488009
"457","307983","p","MAU","parrot",0.365144952611437,0.0139849961674052,0.038299847957332,"english",13.9849961674052
"458","307983","k","MAU","kitten",0.364706341595655,0.0377774253823584,0.103583132711856,"english",37.7774253823584
"459","307983","k","MAU","kennel",0.512764446176253,0.135775618738291,0.264791406172534,"english",135.775618738291
"460","307983","t","MAU","tiro",0.373796012496492,0.0265361361707357,0.0709909557180862,"spanish",26.5361361707357
"461","307983","t","MAU","talla",0.434941171587331,0.0145700623758409,0.0334989265850989,"spanish",14.5700623758409
"462","307983","k","MAU","quiso",0.463877471524611,0.0434728958322586,0.0937163335166452,"spanish",43.4728958322586
"463","307983","p","MAU","piso",0.434233450894683,0.0168275361535308,0.0387522797215641,"spanish",16.8275361535308
"464","307983","p","MAU","pato",0.406869284129836,0.0140603581056042,0.0345574331954669,"spanish",14.0603581056042
"465","307983","k","MAU","cama",0.393297704669332,0.045868699373081,0.116625901520695,"spanish",45.868699373081
"466","307983","t","MAU","tir",0.410331812746533,0.0393650790919258,0.0959347480967605,"french",39.3650790919258
"467","307983","t","MAU","terre",0.528757296475807,0.0514825419866742,0.0973651660786675,"french",51.4825419866742
"468","307983","t","MAU","tasse",0.73362612195414,0.0510404086935197,0.0695727798753468,"french",51.0404086935197
"469","307983","p","MAU","pile",0.53124254238632,0.0439537438364126,0.0827376204454074,"french",43.9537438364126
"470","307983","p","MAU","pere",0.649895833333333,0.0246636337167512,0.0379501336241082,"french",24.6636337167512
"471","307983","p","MAU","patte",0.456745352897863,0.0154901773545941,0.0339142527807131,"french",15.4901773545941
"472","307982","t","MAU","tipping",0.502370676664753,0.0967914957532112,0.192669477438077,"english",96.7914957532112
"473","307982","t","MAU","teller",0.541761445177956,0.0871462576191055,0.160857252568942,"english",87.1462576191056
"474","307982","t","MAU","tacky",0.567256132497602,0.086812796947032,0.153039856201817,"english",86.812796947032
"475","307982","p","MAU","penny",0.527790031272424,0.126623584816433,0.239912801140184,"english",126.623584816433
"476","307982","p","MAU","pass",0.591975587333494,0.0849257000583474,0.143461490432213,"english",84.9257000583474
"477","307982","p","MAU","parrot",0.693097570961839,0.104061842666939,0.150140250127451,"english",104.061842666939
"478","307982","k","MAU","kennel",0.567521713547646,0.113208323765787,0.199478400673179,"english",113.208323765787
"479","307982","t","MAU","tiro",0.478218384405878,0.0213542622431663,0.0446537877662233,"spanish",21.3542622431663
"480","307982","t","MAU","tema",0.426760416666667,0.0139314916611419,0.032644760659758,"spanish",13.9314916611419
"481","307982","t","MAU","talla",0.445438784443168,0.0186842855364702,0.0419457985900956,"spanish",18.6842855364702
"482","307982","k","MAU","quiso",0.527388615465334,0.0415489433088475,0.078782404645173,"spanish",41.5489433088475
"483","307982","k","MAU","queja",0.470322510045924,0.0351578645235362,0.0747526724164303,"spanish",35.1578645235362
"484","307982","k","MAU","cama",0.469484104599489,0.0206552454075775,0.0439956224400785,"spanish",20.6552454075775
"485","307982","t","MAU","tir",0.374990439108963,0.0219443671067738,0.0585198042886564,"french",21.9443671067738
"486","307982","t","MAU","terre",0.435991749883836,0.0229903390692167,0.0527311332733753,"french",22.9903390692167
"487","307982","t","MAU","tasse",0.601569764198745,0.0261059132475044,0.0433963187665789,"french",26.1059132475044
"488","307982","k","MAU","quitte",0.490567899045804,0.0619905920710625,0.126364958228289,"french",61.9905920710625
"489","307982","p","MAU","pile",0.524832045204954,0.0142577334315146,0.0271662783585304,"french",14.2577334315146
"490","307982","p","MAU","pere",0.513223245646904,0.0172473726095413,0.0336059848337569,"french",17.2473726095413
"491","307982","p","MAU","patte",0.555799266449428,0.0290052382319174,0.0521865356483995,"french",29.0052382319174
"492","307964","t","MAU","tipping",0.572835360446886,0.0399043217372155,0.0696610658009745,"english",39.9043217372155
"493","307964","t","MAU","tacky",0.452798087686567,0.0263335234506328,0.0581573203746858,"english",26.3335234506328
"494","307964","p","MAU","penny",0.45399420206659,0.0281623965458053,0.0620325026566629,"english",28.1623965458053
"495","307964","p","MAU","parrot",0.536489395255252,0.0254940185929143,0.0475200792753503,"english",25.4940185929143
"496","307964","k","MAU","kitten",0.677241666666667,0.0434865423459001,0.0642112623695137,"english",43.4865423459001
"497","307964","k","MAU","cabbage",0.678463740412421,0.0988814904203104,0.145743220352797,"english",98.8814904203104
"498","307964","t","MAU","tir",0.592979865195356,0.0330178067479895,0.0556811599953935,"french",33.0178067479895
"499","307964","t","MAU","terre",0.680340773536165,0.0356930117827985,0.0524634318141468,"french",35.6930117827985
"500","307964","t","MAU","tasse",0.620671606138956,0.0352311100746269,0.0567628835058056,"french",35.2311100746269
"501","307964","k","MAU","quitte",0.338364871555683,0.0668585390355914,0.197593026510699,"french",66.8585390355914
"502","307964","k","MAU","quelle",0.576382358639495,0.0500999569460391,0.086921392015356,"french",50.0999569460391
"503","307964","p","MAU","pile",0.814504623197625,0.0292461057919913,0.0359066172972418,"french",29.2461057919913
"504","307964","p","MAU","pere",0.74360901142217,0.0269922203243648,0.0362989419301704,"french",26.9922203243648
"505","307964","p","MAU","patte",0.726071390937679,0.0282984020554004,0.0389746826670234,"french",28.2984020554004
"506","307964","t","MAU","tiro",0.615214623995408,0.0268371699196328,0.0436224512111616,"spanish",26.8371699196328
"507","307964","t","MAU","tema",0.56841680121986,0.0310523604553751,0.0546295612457877,"spanish",31.0523604553751
"508","307964","k","MAU","quiso",0.493374408008037,0.050099956946039,0.101545512156405,"spanish",50.099956946039
"509","307964","k","MAU","queja",0.553998977468427,0.0338394446039035,0.0610821427117744,"spanish",33.8394446039035
"510","307964","p","MAU","pena",0.384645630007953,0.040363076400148,0.104935746700966,"spanish",40.363076400148
"511","307964","p","MAU","pato",0.544599820608496,0.0290052382319174,0.0532597278484393,"spanish",29.0052382319174
"512","307964","k","MAU","cama",0.399629348450057,0.0423066303099886,0.105864673037836,"spanish",42.3066303099886
"513","307949","t","MAU","tiro",0.209494542016971,0.0162749932650952,0.0776869559865515,"spanish",16.2749932650952
"514","307949","t","MAU","tema",0.255225542210682,0.0227373352243486,0.0890872246852923,"spanish",22.7373352243486
"515","307949","t","MAU","talla",0.249539566140392,0.0474953470030974,0.190331929071225,"spanish",47.4953470030974
"516","307949","k","MAU","quiso",0.312686129448909,0.0546704793340989,0.17484139584462,"spanish",54.6704793340989
"517","307949","k","MAU","queja",0.290963549452903,0.0549783851302857,0.188952826681078,"spanish",54.9783851302857
"518","307949","p","MAU","pena",0.327708067586309,0.0134212531136342,0.0409549060311108,"spanish",13.4212531136342
"519","307949","k","MAU","cama",0.284829093714122,0.0455294345579793,0.159848258351292,"spanish",45.5294345579793
"520","307949","t","MAU","tipping",0.416247417475703,0.0628877686938175,0.151082663948272,"english",62.8877686938175
"521","307949","t","MAU","teller",0.413649655687812,0.0436496556878119,0.105523249173825,"english",43.6496556878119
"522","307949","t","MAU","tacky",0.412094018902297,0.0763366796944385,0.185240930935562,"english",76.3366796944385
"523","307949","p","MAU","pass",0.493825611647943,0.0133494536800074,0.0270327284878137,"english",13.3494536800074
"524","307949","p","MAU","parrot",0.477396824927884,0.0154226876186253,0.0323058026641779,"english",15.4226876186253
"525","307949","k","MAU","kitten",0.489757618204109,0.0730856319813763,0.149228167699308,"english",73.0856319813763
"526","307949","k","MAU","cabbage",0.638626187986635,0.0578622436555446,0.0906042450873555,"english",57.8622436555446
"527","307949","t","MAU","tir",0.425619564437428,0.0315772833516894,0.0741913342104642,"french",31.5772833516894
"528","307949","t","MAU","terre",0.53290169702371,0.0454361410856717,0.0852617684264011,"french",45.4361410856717
"529","307949","t","MAU","tasse",0.530801184975467,0.0328924983538803,0.0619676430364422,"french",32.8924983538803
"530","307949","k","MAU","quitte",0.388115607060849,0.0761593918024237,0.196228624710996,"french",76.1593918024237
"531","307949","k","MAU","quelle",0.363261684964375,0.05119172090449,0.140922434221243,"french",51.19172090449
"532","307949","p","MAU","pere",0.526020249712972,0.0275403272101034,0.0523560209424085,"french",27.5403272101034
"533","307949","p","MAU","patte",0.413918950918484,0.0348532317775407,0.0842030346767201,"french",34.8532317775407
"534","307945","t","MAU","tiro",0.246054506314581,0.0206259471871412,0.083826740245801,"spanish",20.6259471871412
"535","307945","t","MAU","tema",0.282089021239954,0.0172273536165327,0.0610706277784507,"spanish",17.2273536165327
"536","307945","t","MAU","talla",0.341049393656716,0.0210493936567163,0.0617194871130708,"spanish",21.0493936567163
"537","307945","k","MAU","quiso",0.306133094144661,0.03890803673938,0.127095167048468,"spanish",38.90803673938
"538","307945","k","MAU","queja",0.303565703932262,0.0378533008036739,0.124695577640485,"spanish",37.8533008036739
"539","307945","p","MAU","piso",0.305248116389208,0.0175789322617681,0.0575889950434748,"spanish",17.5789322617681
"540","307945","p","MAU","pena",0.295268337399541,0.0183963051674663,0.0623036839286069,"spanish",18.3963051674663
"541","307945","p","MAU","pato",0.282068364308266,0.021239114165077,0.075297753497323,"spanish",21.239114165077
"542","307945","k","MAU","cama",0.268686692738232,0.0328140068886337,0.122127398845922,"spanish",32.8140068886337
"543","307945","t","MAU","tipping",0.490522525832377,0.100848638721823,0.205594306909129,"english",100.848638721823
"544","307945","t","MAU","teller",0.378002539042098,0.0609723740079127,0.16130149327151,"english",60.9723740079127
"545","307945","t","MAU","tacky",0.420998171642025,0.0909981716420253,0.216148614819641,"english",90.9981716420253
"546","307945","p","MAU","penny",0.38125982347876,0.0386736509758898,0.101436470863929,"english",38.6736509758898
"547","307945","p","MAU","pass",0.462285740428289,0.033212801353857,0.0718447454664872,"english",33.212801353857
"548","307945","p","MAU","parrot",0.362752073765786,0.0315452162922464,0.0869608158673513,"english",31.5452162922464
"549","307945","k","MAU","kitten",0.507134346297359,0.0619364380022963,0.122130237193558,"english",61.9364380022963
"550","307945","k","MAU","kennel",0.508177606645422,0.138960951762923,0.273449577363771,"english",138.960951762923
"551","307945","k","MAU","cabbage",0.670655939541475,0.0764472051820823,0.113988709671831,"english",76.4472051820823
"552","307945","t","MAU","tir",0.410117419632606,0.0450020665901262,0.109729712603869,"french",45.0020665901262
"553","307945","t","MAU","terre",0.28028062199926,0.0337414259105673,0.120384440671951,"french",33.7414259105673
"554","307945","t","MAU","tasse",0.583306976013024,0.0195126148105625,0.0334517082993481,"french",19.5126148105625
"555","307945","k","MAU","quelle",0.407280702441615,0.107036655111395,0.262808069397147,"french",107.036655111395
"556","307945","p","MAU","pile",0.564472015848153,0.0557470022472751,0.0987595499548581,"french",55.7470022472751
"557","307945","p","MAU","pere",0.556733285441835,0.0284683624281055,0.0511346513178432,"french",28.4683624281055
"558","307943","t","MAU","talla",0.480911072468106,0.0144103648832331,0.0299647184442583,"spanish",14.4103648832331
"559","307943","k","MAU","quiso",0.391890906644661,0.0456466274397244,0.116477893887733,"spanish",45.6466274397244
"560","307943","k","MAU","queja",0.444005340463548,0.0289990856056257,0.0653124702854931,"spanish",28.9990856056257
"561","307943","p","MAU","piso",0.41255709743644,0.0127157118164629,0.030821701760741,"spanish",12.7157118164629
"562","307943","p","MAU","pena",0.460115294919633,0.0193368254879448,0.0420260436926408,"spanish",19.3368254879448
"563","307943","p","MAU","pato",0.469609235074627,0.0473253239137845,0.10077596516232,"spanish",47.3253239137845
"564","307943","t","MAU","tipping",0.443766985796564,0.0336023674238086,0.0757207464712414,"english",33.6023674238086
"565","307943","t","MAU","teller",0.48033897843367,0.0306766714018481,0.0638646305612782,"english",30.6766714018481
"566","307943","t","MAU","tacky",0.386434342709529,0.0290471269505274,0.0751670432468814,"english",29.0471269505274
"567","307943","p","MAU","pass",0.587268546738848,0.0367961744167662,0.0626564705722765,"english",36.7961744167662
"568","307943","p","MAU","parrot",0.430332261768083,0.0530444280998852,0.123263888888889,"english",53.0444280998852
"569","307943","k","MAU","kennel",0.489727468427095,0.069846957520092,0.142624136939727,"english",69.846957520092
"570","307943","k","MAU","cabbage",0.721154801219862,0.0709214481987261,0.0983442779258484,"english",70.9214481987261
"571","307943","t","MAU","tir",0.284712952869819,0.0189309151895631,0.0664912326564187,"french",18.9309151895631
"572","307943","t","MAU","terre",0.323302258581167,0.012508058650329,0.0386884357233427,"french",12.508058650329
"573","307943","t","MAU","tasse",0.315013430076377,0.0125484177843619,0.0398345485820063,"french",12.5484177843619
"574","307943","k","MAU","quitte",0.318580588811193,0.0898460451831788,0.282019835290173,"french",89.8460451831788
"575","307943","k","MAU","quelle",0.311208615470332,0.0256473213577117,0.082411990165988,"french",25.6473213577117
"576","307943","p","MAU","pile",0.567810960820896,0.0114263059701492,0.0201234332525563,"french",11.4263059701492
"577","307943","p","MAU","pere",0.593710377272223,0.0410549767574555,0.0691498385897866,"french",41.0549767574555
"578","307942","t","MAU","terre",0.409741948165234,0.0353159212748315,0.0861906412876963,"french",35.3159212748315
"579","307942","t","MAU","tasse",0.376645380178289,0.0172097753149729,0.0456922511749022,"french",17.2097753149729
"580","307942","k","MAU","quitte",0.423532066231343,0.0399958798639015,0.0944341244803288,"french",39.9958798639015
"581","307942","k","MAU","quelle",0.402825284562016,0.058374084891947,0.144911670466306,"french",58.3740848919469
"582","307942","p","MAU","pile",0.463758506720086,0.00846746010359722,0.0182583391590658,"french",8.46746010359722
"583","307942","p","MAU","patte",0.478080126058142,0.00571341535719783,0.0119507485163752,"french",5.71341535719783
"584","307942","t","MAU","tipping",0.420531536304171,0.0417547136864904,0.0992903268407655,"english",41.7547136864904
"585","307942","t","MAU","teller",0.423144094431688,0.0483420637198624,0.114244921188819,"english",48.3420637198624
"586","307942","t","MAU","tacky",0.331362873134329,0.0395525975889783,0.119363395225465,"english",39.5525975889783
"587","307942","p","MAU","penny",0.273989609644087,0.0439896096440873,0.160552108896501,"english",43.9896096440873
"588","307942","p","MAU","pass",0.366711391091418,0.0143281744504729,0.0390720735667057,"english",14.3281744504729
"589","307942","p","MAU","parrot",0.334912022116597,0.0118421760345067,0.03535906522455,"english",11.8421760345067
"590","307942","k","MAU","kitten",0.411479342930932,0.02829802117433,0.068771425979165,"english",28.29802117433
"591","307942","k","MAU","kennel",0.480105321200359,0.0454171884839756,0.0945983859758595,"english",45.4171884839756
"592","307942","k","MAU","cabbage",0.445109746340413,0.0309828681113664,0.0696072561117796,"english",30.9828681113664
"593","307942","t","MAU","tiro",0.342893618515901,0.0156672561748161,0.0456913028671299,"spanish",15.6672561748161
"594","307942","t","MAU","tema",0.255706331757665,0.016031211720407,0.0626938394924061,"spanish",16.031211720407
"595","307942","t","MAU","talla",0.419969846710799,0.0150241535928431,0.0357743626370136,"spanish",15.0241535928431
"596","307942","k","MAU","quiso",0.372722615901071,0.0305985181788058,0.0820946110415991,"spanish",30.5985181788058
"597","307942","p","MAU","piso",0.42722591489667,0.00672784514925362,0.0157477458989837,"spanish",6.72784514925362
"598","307942","p","MAU","pena",0.38290835102284,0.0136168032727169,0.0355615207564502,"spanish",13.6168032727169
"599","307942","p","MAU","pato",0.399909748134328,0.00761753731343284,0.0190481411092638,"spanish",7.61753731343284
"600","307942","k","MAU","cama",0.336381440154994,0.0193368254879447,0.057484816876445,"spanish",19.3368254879447
"601","307939","t","MAU","tipping",0.577071831669415,0.0213460640332445,0.0369903066858978,"english",21.3460640332445
"602","307939","t","MAU","teller",0.448033956286191,0.0440478619148282,0.0983136686333919,"english",44.0478619148282
"603","307939","t","MAU","tacky",0.349940116238764,0.0359327129784542,0.102682462830119,"english",35.9327129784542
"604","307939","p","MAU","penny",0.402842006688976,0.0377659577526043,0.0937488075362567,"english",37.7659577526043
"605","307939","p","MAU","pass",0.248354585246843,0.0249306721922306,0.100383377933013,"english",24.9306721922306
"606","307939","p","MAU","parrot",0.376826731520189,0.0192429471217722,0.051065769787994,"english",19.2429471217722
"607","307939","k","MAU","kitten",0.488867135476464,0.0410175086107922,0.0839031827549941,"english",41.0175086107922
"608","307939","k","MAU","kennel",0.455352726750861,0.0550806544202066,0.120962610267497,"english",55.0806544202066
"609","307939","k","MAU","cabbage",0.410761753731343,0.0503749950836018,0.122637988142755,"english",50.3749950836018
"610","307939","t","MAU","tiro",0.338225942164179,0.0154439101403683,0.0456615185740886,"spanish",15.4439101403683
"611","307939","t","MAU","tema",0.420571481008321,0.0184853911700045,0.0439530305899148,"spanish",18.4853911700045
"612","307939","t","MAU","talla",0.51656653630884,0.0142096369115958,0.0275078540958764,"spanish",14.2096369115958
"613","307939","k","MAU","quiso",0.480727342853042,0.0307273428530425,0.0639184421478513,"spanish",30.7273428530425
"614","307939","p","MAU","pena",0.298311114489454,0.0109829453549275,0.0368170839820176,"spanish",10.9829453549275
"615","307939","p","MAU","pato",0.354915919134409,0.00546963381250976,0.0154110692635299,"spanish",5.46963381250976
"616","307939","k","MAU","cama",0.47075188939236,0.0279334661474778,0.0593379798932596,"spanish",27.9334661474778
"617","307939","t","MAU","tir",0.365340783922659,0.0214553881057178,0.0587270544376447,"french",21.4553881057178
"618","307939","t","MAU","terre",0.395434131027554,0.015996828358209,0.0404538382072394,"french",15.996828358209
"619","307939","t","MAU","tasse",0.548861198362193,0.0734630937932548,0.13384639688954,"french",73.4630937932548
"620","307939","k","MAU","quelle",0.464974448312313,0.0443218277393446,0.0953209964552172,"french",44.3218277393446
"621","307939","p","MAU","pile",0.535696211251435,0.0843788748564868,0.157512547380856,"french",84.3788748564868
"622","307939","p","MAU","pere",0.536336574339839,0.0161140212399541,0.030044606336587,"french",16.1140212399541
"623","307939","p","MAU","patte",0.224901636889188,0.0320069973297648,0.142315537461095,"french",32.0069973297648
"624","307938","t","MAU","tiro",0.363729721584386,0.0154694603903558,0.0425300971363344,"spanish",15.4694603903558
"625","307938","t","MAU","tema",0.425253229047072,0.0161726176808267,0.0380305582089689,"spanish",16.1726176808267
"626","307938","t","MAU","talla",0.404477055826636,0.0166999856486797,0.0412878441634957,"spanish",16.6999856486797
"627","307938","k","MAU","quiso",0.556836251435132,0.0468771526980482,0.0841848076112714,"spanish",46.8771526980481
"628","307938","k","MAU","queja",0.451508628731343,0.0215086287313433,0.0476372484658347,"spanish",21.5086287313433
"629","307938","p","MAU","piso",0.408986910468522,0.00913706963662653,0.0223407385487213,"spanish",9.13706963662653
"630","307938","p","MAU","pena",0.339311262198622,0.0202157721010332,0.0595788420638968,"spanish",20.2157721010332
"631","307938","p","MAU","pato",0.4407274496337,0.0113677095292767,0.0257930599483302,"spanish",11.3677095292767
"632","307938","k","MAU","cama",0.398447194316877,0.0265441877152698,0.0666190855246924,"spanish",26.5441877152698
"633","307938","t","MAU","tipping",0.504228250574053,0.0137115671641791,0.027193175210966,"english",13.7115671641791
"634","307938","t","MAU","teller",0.450350660160735,0.0161726176808266,0.0359111668117783,"english",16.1726176808266
"635","307938","t","MAU","tacky",0.426450721153846,0.0294447115384616,0.0690459883824165,"english",29.4447115384616
"636","307938","p","MAU","pass",0.403163289322618,0.0119536739380022,0.0296497083305537,"english",11.9536739380022
"637","307938","p","MAU","parrot",0.525302977898967,0.0205673507462687,0.0391533107779649,"english",20.5673507462687
"638","307938","k","MAU","kitten",0.485651280855339,0.0646025760619977,0.133022558796135,"english",64.6025760619977
"639","307938","k","MAU","kennel",0.416633000861079,0.0758823909299656,0.18213245415782,"english",75.8823909299656
"640","307938","k","MAU","cabbage",0.606635817307692,0.0253429606773823,0.0417762353529615,"english",25.3429606773823
"641","307938","t","MAU","tir",0.303425201815442,0.0208603329506314,0.0687495067180336,"french",20.8603329506314
"642","307938","t","MAU","terre",0.326731117029084,0.0244202153889963,0.0747410152147294,"french",24.4202153889963
"643","307938","t","MAU","tasse",0.528100728329506,0.0256359428817451,0.0485436612875672,"french",25.6359428817451
"644","307938","k","MAU","quitte",0.388469985074447,0.07671990421875,0.197492488908885,"french",76.71990421875
"645","307938","k","MAU","quelle",0.346775677202928,0.0276868183122847,0.0798407158645178,"french",27.6868183122847
"646","307938","p","MAU","pile",0.535598324780976,0.0416296679608689,0.0777255380286946,"french",41.6296679608689
"647","307938","p","MAU","pere",0.453140926377727,0.0185457735361653,0.0409271651634175,"french",18.5457735361653
"648","307938","p","MAU","patte",0.485985253121412,0.0255773464408725,0.0526298818258228,"french",25.5773464408725
"649","307937","t","MAU","tiro",0.423329312571757,0.0205543336937726,0.0485540053177596,"spanish",20.5543336937726
"650","307937","t","MAU","tema",0.466380115199451,0.0144586291305554,0.0310018130262094,"spanish",14.4586291305554
"651","307937","t","MAU","talla",0.567749527443737,0.0131087490378166,0.0230889651231204,"spanish",13.1087490378166
"652","307937","k","MAU","quiso",0.548711337543054,0.0665264925373134,0.121241330341736,"spanish",66.5264925373134
"653","307937","k","MAU","queja",0.471198086374792,0.0325656910154555,0.0691125281641162,"spanish",32.5656910154555
"654","307937","p","MAU","piso",0.514052461251435,0.0207431400688863,0.0403521851026415,"spanish",20.7431400688863
"655","307937","p","MAU","pena",0.39410490456372,0.0157748901757695,0.0400271348899667,"spanish",15.7748901757695
"656","307937","p","MAU","pato",0.476457862139917,0.015132469272523,0.0317603517015303,"spanish",15.132469272523
"657","307937","k","MAU","cama",0.444936871339967,0.0325542135490238,0.0731659155398469,"spanish",32.5542135490238
"658","307937","t","MAU","tir",0.422212577573544,0.0837580369375259,0.198378829495993,"french",83.7580369375259
"659","307937","t","MAU","terre",0.478607903361208,0.0577526521239955,0.120667986713979,"french",57.7526521239955
"660","307937","t","MAU","tasse",0.49147519976248,0.0491496659881786,0.100004366470438,"french",49.1496659881786
"661","307937","k","MAU","quitte",0.386075416188289,0.0966841274397244,0.250428085772163,"french",96.6841274397244
"662","307937","k","MAU","quelle",0.501876661581803,0.0703157290470724,0.1401055965134,"french",70.3157290470724
"663","307937","p","MAU","pile",0.476079662947477,0.039747791146537,0.083489790133972,"french",39.747791146537
"664","307937","p","MAU","pere",0.674853266859798,0.0293416887385811,0.043478619989665,"french",29.3416887385811
"665","307937","p","MAU","patte",0.2,0.12,0.6,"french",120
"666","307937","t","MAU","tipping",0.555039753157291,0.0454708381171069,0.0819235700838551,"english",45.470838117107
"667","307937","t","MAU","teller",0.502569855051665,0.0744174799081516,0.148073902881623,"english",74.4174799081516
"668","307937","t","MAU","tacky",0.530864986366246,0.0411347014925374,0.0774861830200992,"english",41.1347014925374
"669","307937","p","MAU","penny",0.47,0.0299999999999998,0.0638297872340422,"english",29.9999999999998
"670","307937","p","MAU","pass",0.418847603329506,0.0253136624569461,0.0604364505269281,"english",25.3136624569461
"671","307937","p","MAU","parrot",0.464612289386844,0.011237127470114,0.0241860315079994,"english",11.237127470114
"672","307937","k","MAU","kitten",0.488912690154995,0.095805180826636,0.195955602617441,"english",95.805180826636
"673","307937","k","MAU","kennel",0.511104944029851,0.0767613375430538,0.1501870377888,"english",76.7613375430538
"674","307937","k","MAU","cabbage",0.660824807932452,0.0487836043841885,0.0738222957107492,"english",48.7836043841885
"675","307935","k","MAU","cama",0.41403,0.038744,0.0935777600656957,"spanish",38.744
"676","307935","t","MAU","tipping",0.515274,0.05133,0.0996169028516867,"english",51.33
"677","307935","t","MAU","teller",0.400266,0.048077,0.120112625104306,"english",48.077
"678","307935","t","MAU","tacky",0.30982,0.052297,0.168798011748757,"english",52.297
"679","307935","p","MAU","penny",0.316846,0.010548,0.033290620680078,"english",10.548
"680","307935","p","MAU","pass",0.295019,0.014499,0.0491459872076037,"english",14.499
"681","307935","p","MAU","parrot",0.346394,0.015294,0.0441520349659637,"english",15.294
"682","307935","k","MAU","kitten",0.353593,0.073593,0.208129120203171,"english",73.593
"683","307935","k","MAU","kennel",0.51,0.08426,0.16521568627451,"english",84.26
"684","307935","k","MAU","cabbage",0.553525,0.072252,0.130530689670747,"english",72.252
"685","307935","t","MAU","terre",0.484273,0.063378,0.130872462433379,"french",63.378
"686","307935","k","MAU","quitte",0.449771,0.118967,0.264505715130589,"french",118.967
"687","307935","k","MAU","quelle",0.508365,0.079281,0.155952907851642,"french",79.281
"688","307935","p","MAU","pile",0.62113,0.070554,0.113589747717869,"french",70.554
"689","307935","p","MAU","pere",0.580995,0.039378,0.0677768311259133,"french",39.378
"690","307935","p","MAU","patte",0.46159,0.019661,0.0425940769947355,"french",19.661
"691","307935","t","MAU","tiro",0.331259,0.00928200000000001,0.0280203707672848,"spanish",9.28200000000001
"692","307935","t","MAU","tema",0.351875,0.013273,0.037720781527531,"spanish",13.273
"693","307935","k","MAU","quiso",0.57263,0.05638,0.0984579920716693,"spanish",56.38
"694","307935","k","MAU","queja",0.356388,0.0223880000000001,0.0628191746074505,"spanish",22.3880000000001
"695","307935","p","MAU","piso",0.503179,0.011251,0.022359836161684,"spanish",11.251
"696","307935","p","MAU","pena",0.32971,0.010895,0.0330441903490946,"spanish",10.895
"697","307935","p","MAU","pato",0.348042,0.00404199999999999,0.0116135408944897,"spanish",4.04199999999999
"698","307935","k","MAU","cama",0.41403,0.038744,0.0935777600656957,"spanish",38.744
